,Screen Name,Date,Tweet Text,Compound,Positive,Negative,Neutral,Tweets Ago
0,BBC,Mon Apr 09 18:04:06 +0000 2018,"When doctors found a large tumour on little Poppy’s brain, her parents faced one of the toughest decisions of their… https://t.co/bJp258jCaL",-0.077,0.0,0.064,0.936,2
1,BBC,Mon Apr 09 17:02:07 +0000 2018,"Keep full and satisfied with these protein-filled, vegetarian dinners. 
Make double portions and save for lunch tom… https://t.co/yh3RGeC5i3",0.718,0.273,0.0,0.727,3
2,BBC,Mon Apr 09 16:43:45 +0000 2018,"RT @BBCScotland: The history behind #NationalUnicornDay ?

*may not be factually accurate* https://t.co/p44XmIXnoM",0.0,0.0,0.0,1.0,4
3,BBC,Mon Apr 09 16:34:07 +0000 2018,RT @BBCTwo: Can you guess the city? #TheCityAndTheCity’s @davemorrissey64 and @MandiDhillon tried our game out for size… ??? https://t.co/U…,0.0,0.0,0.0,1.0,5
4,BBC,Mon Apr 09 16:26:04 +0000 2018,"The latest episode of @TheSimpsons has addressed controversy surrounding Indian character Apu for the first time.
?… https://t.co/guqD0Pf53R",0.0,0.0,0.0,1.0,6
5,BBC,Mon Apr 09 16:04:04 +0000 2018,?????? What a brilliant idea! https://t.co/QUVCwBptOU,0.624,0.506,0.0,0.494,7
6,BBC,Mon Apr 09 15:42:30 +0000 2018,RT @BBCTheOneShow: Tonight on The One Show - @kylieminogue! ????? RT: if you're excited. #TheOneShow #KylieMinogue #Kylie https://t.co/Yten…,0.4,0.144,0.0,0.856,8
7,BBC,Mon Apr 09 15:29:26 +0000 2018,"RT @BBCSport: What a way to save match point!

Table tennis is pure carnage.

#GC2018 #bbcgoldcoast https://t.co/1shVrSJuRn",0.541,0.189,0.0,0.811,9
8,BBC,Mon Apr 09 15:07:08 +0000 2018,"????
Henry and Baloo: Dog and cat travel companions gain cult following.
? https://t.co/rTpxqa69Oq https://t.co/iRkQXMwnyv",0.527,0.207,0.0,0.793,10
9,BBC,Mon Apr 09 14:02:03 +0000 2018,"A new campaign is encouraging people to do CPR to the tune of @The_Proclaimers' hit 'I'm Gonna Be (500 miles)'.
?… https://t.co/MULW1tgRPL",0.527,0.145,0.0,0.855,11
10,BBC,Mon Apr 09 13:01:05 +0000 2018,"How NOT to impress Madonna...
#TheGrahamNortonShow #TGNS https://t.co/NnYS15sU9p",0.44,0.293,0.0,0.707,12
11,BBC,Mon Apr 09 12:31:27 +0000 2018,RT @bbccomedy: Philomena Cunk steps on board the first ship to circumcise the globe. #CunkOnBritain @missdianemorgan https://t.co/f1oHsolPHe,0.0,0.0,0.0,1.0,13
12,BBC,Mon Apr 09 12:28:16 +0000 2018,"?? Over 1,500 people turned up to this mass sausage dog walk in Manchester yesterday. https://t.co/6fscMy6eZ7",0.0,0.0,0.0,1.0,14
13,BBC,Mon Apr 09 12:14:30 +0000 2018,"RT @bbcsoutheast: You don't have to be married to take part in ""wife-carrying"". Fancy giving it a go? #Dorking #wifecarrying #wifecarryingu…",0.34,0.112,0.0,0.888,15
14,BBC,Mon Apr 09 12:12:54 +0000 2018,"RT @BBCnireland: As the days get longer, here are some #TightShorts tips on creating that naturally flawless, 'don't get seen, blend into t…",0.67,0.208,0.0,0.792,16
15,BBC,Mon Apr 09 12:02:02 +0000 2018,Flipping the script on dyslexia. https://t.co/rW1FLygX9V,0.0,0.0,0.0,1.0,17
16,BBC,Mon Apr 09 11:50:07 +0000 2018,"RT @bbcthesocial: This is how homophobia feels in 2018.

#TimeForLove https://t.co/dHfsvt94Nz",0.0,0.0,0.0,1.0,18
17,BBC,Mon Apr 09 11:27:01 +0000 2018,RT @BBCFOUR: How do you cope with stage fright when you're working at music's top level? Listen to the new #BBCYoungMusician podcast with @…,-0.202,0.068,0.098,0.833,19
18,BBC,Mon Apr 09 11:16:03 +0000 2018,"Love hurts, but this is a step too far...

? People are getting finger piercings instead of engagement rings.
?… https://t.co/eargluPvnC",0.676,0.268,0.083,0.649,20
19,BBC,Mon Apr 09 10:41:24 +0000 2018,"?? When the weather is so cold that you can't bear to get up. 
#MondayMorning https://t.co/JhfqRhL5fQ",0.0,0.0,0.0,1.0,21
20,BBC,Mon Apr 09 18:04:06 +0000 2018,"When doctors found a large tumour on little Poppy’s brain, her parents faced one of the toughest decisions of their… https://t.co/bJp258jCaL",-0.077,0.0,0.064,0.936,22
21,BBC,Mon Apr 09 17:02:07 +0000 2018,"Keep full and satisfied with these protein-filled, vegetarian dinners. 
Make double portions and save for lunch tom… https://t.co/yh3RGeC5i3",0.718,0.273,0.0,0.727,23
22,BBC,Mon Apr 09 16:43:45 +0000 2018,"RT @BBCScotland: The history behind #NationalUnicornDay ?

*may not be factually accurate* https://t.co/p44XmIXnoM",0.0,0.0,0.0,1.0,24
23,BBC,Mon Apr 09 16:34:07 +0000 2018,RT @BBCTwo: Can you guess the city? #TheCityAndTheCity’s @davemorrissey64 and @MandiDhillon tried our game out for size… ??? https://t.co/U…,0.0,0.0,0.0,1.0,25
24,BBC,Mon Apr 09 16:26:04 +0000 2018,"The latest episode of @TheSimpsons has addressed controversy surrounding Indian character Apu for the first time.
?… https://t.co/guqD0Pf53R",0.0,0.0,0.0,1.0,26
25,BBC,Mon Apr 09 16:04:04 +0000 2018,?????? What a brilliant idea! https://t.co/QUVCwBptOU,0.624,0.506,0.0,0.494,27
26,BBC,Mon Apr 09 15:42:30 +0000 2018,RT @BBCTheOneShow: Tonight on The One Show - @kylieminogue! ????? RT: if you're excited. #TheOneShow #KylieMinogue #Kylie https://t.co/Yten…,0.4,0.144,0.0,0.856,28
27,BBC,Mon Apr 09 15:29:26 +0000 2018,"RT @BBCSport: What a way to save match point!

Table tennis is pure carnage.

#GC2018 #bbcgoldcoast https://t.co/1shVrSJuRn",0.541,0.189,0.0,0.811,29
28,BBC,Mon Apr 09 15:07:08 +0000 2018,"????
Henry and Baloo: Dog and cat travel companions gain cult following.
? https://t.co/rTpxqa69Oq https://t.co/iRkQXMwnyv",0.527,0.207,0.0,0.793,30
29,BBC,Mon Apr 09 14:02:03 +0000 2018,"A new campaign is encouraging people to do CPR to the tune of @The_Proclaimers' hit 'I'm Gonna Be (500 miles)'.
?… https://t.co/MULW1tgRPL",0.527,0.145,0.0,0.855,31
30,BBC,Mon Apr 09 13:01:05 +0000 2018,"How NOT to impress Madonna...
#TheGrahamNortonShow #TGNS https://t.co/NnYS15sU9p",0.44,0.293,0.0,0.707,32
31,BBC,Mon Apr 09 12:31:27 +0000 2018,RT @bbccomedy: Philomena Cunk steps on board the first ship to circumcise the globe. #CunkOnBritain @missdianemorgan https://t.co/f1oHsolPHe,0.0,0.0,0.0,1.0,33
32,BBC,Mon Apr 09 12:28:16 +0000 2018,"?? Over 1,500 people turned up to this mass sausage dog walk in Manchester yesterday. https://t.co/6fscMy6eZ7",0.0,0.0,0.0,1.0,34
33,BBC,Mon Apr 09 12:14:30 +0000 2018,"RT @bbcsoutheast: You don't have to be married to take part in ""wife-carrying"". Fancy giving it a go? #Dorking #wifecarrying #wifecarryingu…",0.34,0.112,0.0,0.888,35
34,BBC,Mon Apr 09 12:12:54 +0000 2018,"RT @BBCnireland: As the days get longer, here are some #TightShorts tips on creating that naturally flawless, 'don't get seen, blend into t…",0.67,0.208,0.0,0.792,36
35,BBC,Mon Apr 09 12:02:02 +0000 2018,Flipping the script on dyslexia. https://t.co/rW1FLygX9V,0.0,0.0,0.0,1.0,37
36,BBC,Mon Apr 09 11:50:07 +0000 2018,"RT @bbcthesocial: This is how homophobia feels in 2018.

#TimeForLove https://t.co/dHfsvt94Nz",0.0,0.0,0.0,1.0,38
37,BBC,Mon Apr 09 11:27:01 +0000 2018,RT @BBCFOUR: How do you cope with stage fright when you're working at music's top level? Listen to the new #BBCYoungMusician podcast with @…,-0.202,0.068,0.098,0.833,39
38,BBC,Mon Apr 09 11:16:03 +0000 2018,"Love hurts, but this is a step too far...

? People are getting finger piercings instead of engagement rings.
?… https://t.co/eargluPvnC",0.676,0.268,0.083,0.649,40
39,BBC,Mon Apr 09 10:41:24 +0000 2018,"?? When the weather is so cold that you can't bear to get up. 
#MondayMorning https://t.co/JhfqRhL5fQ",0.0,0.0,0.0,1.0,41
40,BBC,Mon Apr 09 08:56:59 +0000 2018,RT @BBCTwo: Every Saga must come to an end... #TheBridge https://t.co/YNyeMUM8A2,0.0,0.0,0.0,1.0,42
41,BBC,Mon Apr 09 08:40:53 +0000 2018,"RT @BBCRadio4: ""If a £100 coat is half price, and you buy it, you haven't saved £50 you've spent £50.""
https://t.co/yKrYlW9jf6",-0.325,0.0,0.109,0.891,43
42,BBC,Mon Apr 09 08:01:01 +0000 2018,"?? Hop onboard the train that (somehow) squeezes through a crowded market near Bangkok, eight times a day! https://t.co/htvLHtJdPH",0.0,0.0,0.0,1.0,44
43,BBC,Mon Apr 09 07:27:04 +0000 2018,"The story of why the Roman Baths developed, how they were lost for many centuries and how they were rediscovered.… https://t.co/zEzPchOgPO",-0.318,0.0,0.103,0.897,45
44,BBC,Mon Apr 09 07:00:14 +0000 2018,? How can #3DPrinting be of use in surgery? https://t.co/3LQkXMMHwo,0.0,0.0,0.0,1.0,46
45,BBC,Sun Apr 08 19:02:05 +0000 2018,"?? This is Maya the jaguar's very first swim!  
#BigCatsAboutTheHouse https://t.co/IacZP3ltf3",0.0,0.0,0.0,1.0,47
46,BBC,Sun Apr 08 18:03:03 +0000 2018,? Need a hand getting the kids to bed? https://t.co/JAUkyoVSA8,0.494,0.314,0.0,0.686,48
47,BBC,Sun Apr 08 17:25:08 +0000 2018,"'Silencing masks' and 'wife auctions': What life used to be like for women. 
? https://t.co/7Z1bcXKgOx https://t.co/gzm7Hf3loH",0.25,0.147,0.088,0.765,49
48,BBC,Sun Apr 08 17:07:02 +0000 2018,"?? Philomena Cunk examines the barbaric conditions in which we keep today's dinosaurs.
#CunkOnBritain  https://t.co/nBav5dqh7a",0.0,0.0,0.0,1.0,50
49,BBC,Sun Apr 08 16:40:55 +0000 2018,"RT @bbcgetinspired: Meet Sue...

She is planning to run the 2018 @LondonMarathon to prove someone with vascular dementia can do it. ?

? ht…",0.0,0.0,0.0,1.0,51
50,BBC,Sun Apr 08 16:07:03 +0000 2018,? Victoria Lomasko is a Russian graphic artist who's travelled up and down her country painting 'forgotten women'. https://t.co/XtlpBlAYb0,-0.226,0.0,0.106,0.894,52
51,BBC,Sun Apr 08 15:31:00 +0000 2018,"? The search for the next Young Musician has begun, and the first @BBCYoungMus semi-finalist of 2018 has been confi… https://t.co/klUA4GWtb0",0.0,0.0,0.0,1.0,53
52,BBC,Sun Apr 08 15:11:04 +0000 2018,"'If boys are getting diagnosed with autism, girls need exactly the same.' https://t.co/f7Aft0LWwB",0.0,0.0,0.0,1.0,54
53,BBC,Sun Apr 08 13:54:07 +0000 2018,?? Meet the kids cutting some serious shapes on the streets of Lagos. https://t.co/3ySZPqua01,-0.202,0.0,0.189,0.811,55
54,BBC,Sun Apr 08 13:23:39 +0000 2018,"RT @BBCSport: What a nice surprise ??

Two of @TeamEngland 's basketball players got engaged on court at the Commonwealths. 

Congrats @Jam…",0.875,0.393,0.0,0.607,56
55,BBC,Sun Apr 08 13:03:04 +0000 2018,? 'Surprise me'. https://t.co/Jo7illTafh,0.273,0.512,0.0,0.488,57
56,BBC,Sun Apr 08 11:00:15 +0000 2018,"When doctors found a large tumour on little Poppy’s brain, her parents faced one of the toughest decisions of their… https://t.co/MGM0dpxlFH",-0.077,0.0,0.064,0.936,58
57,BBC,Sun Apr 08 10:15:06 +0000 2018,"RT @BBCSport: Beauty queen ?
Commonwealth Games weightlifting silver medallist ?

Introducing Sarah Davies...

#GC2018 #bbcgoldcoast https:…",0.586,0.213,0.0,0.787,59
58,BBC,Sun Apr 08 10:01:07 +0000 2018,"From Ordeal by Innocence to the return of The Handmaid’s Tale, here are @BBC_Culture's pick of programmes to watch… https://t.co/Q6S34uv5LX",0.382,0.12,0.0,0.88,60
59,BBC,Sun Apr 08 09:08:02 +0000 2018,"?? Not only can Koko the gorilla use sign language, she also appears to have learnt to lie...

https://t.co/xXZwlLDLJh",0.0,0.0,0.0,1.0,61
60,BBC,Sun Apr 08 08:17:18 +0000 2018,RT @BBCOne: .@johnkrasinski's got MOVES. #TheGrahamNortonShow #TGNS https://t.co/2HUMM0ixEW,0.0,0.0,0.0,1.0,62
61,BBC,Sun Apr 08 08:08:07 +0000 2018,"Football, volleyball AND martial arts? ?????

Sepak Takraw is the best sport you've never heard of... 

https://t.co/ngTwJHEmrI",0.637,0.208,0.0,0.792,63
62,BBC,Sun Apr 08 07:02:06 +0000 2018,? Meet the gargantuan air freighter that looks like a whale. https://t.co/7DPUt8okKU,0.361,0.217,0.0,0.783,64
63,BBC,Sat Apr 07 18:00:22 +0000 2018,??? @NiallOfficial's Live Lounge cover of @JuliaMichaels' Issues is just perfect.  https://t.co/XpsnR29hPU,0.572,0.252,0.0,0.748,65
64,BBC,Sat Apr 07 17:19:26 +0000 2018,"RT @CBeebiesHQ: Goodnight @ChrisEvans,? 

Chris reads Goodnight Goodnight Construction site tonight. ?? 

#BedtimeStory is at 6:50pm ?? htt…",0.0,0.0,0.0,1.0,66
65,BBC,Sat Apr 07 17:04:03 +0000 2018,?? Lions are often poisoned to prevent them attacking livestock. https://t.co/254nhtlMW5,-0.727,0.072,0.405,0.523,67
66,BBC,Sat Apr 07 16:00:23 +0000 2018,"? Some VERY impressive maths here. 
#UniversityChallenge https://t.co/crvQQ5V3Vn",0.652,0.419,0.0,0.581,68
67,BBC,Sat Apr 07 15:01:03 +0000 2018,Doctors are finding one way that sugar can benefit your health - it may help heal wounds resistant to antibiotics.… https://t.co/zI9pN0zSVo,0.691,0.241,0.0,0.759,69
68,BBC,Sat Apr 07 14:33:46 +0000 2018,"RT @BBCRadio2: ""The clunk of putting the cassette in, snapping it shut... oh wait I'm going to rewind to get to the start of the song. It's…",0.0,0.0,0.0,1.0,70
69,BBC,Sat Apr 07 14:00:31 +0000 2018,"?? Our pick of the most striking news photographs taken around the world recently.
? https://t.co/zPpuZq9hOC https://t.co/fYUTrG44Ra",0.0,0.0,0.0,1.0,71
70,BBC,Sat Apr 07 13:00:20 +0000 2018,How did this new mum survive in the chaos that followed Hurricane Maria? https://t.co/Nx7uFz1k56,-0.572,0.0,0.222,0.778,72
71,BBC,Sat Apr 07 12:07:08 +0000 2018,"For Dr Joel Salinas, music creates colours, numbers have personalities and another person's pain feels almost like… https://t.co/lrGhiKBaGZ",-0.296,0.098,0.154,0.748,73
72,BBC,Sat Apr 07 11:19:19 +0000 2018,"RT @bbcthree: 94-year-old Judo Jack says: ""Get off your butt and do something."" https://t.co/M9CzCtwSqe",0.0,0.0,0.0,1.0,74
73,BBC,Sat Apr 07 11:00:57 +0000 2018,RT @BBCR1: It's been one whole year of Sign Of The Times and we need to know whether @Harry_Styles finally let Chris Martin be head of his…,0.0,0.0,0.0,1.0,75
74,BBC,Sat Apr 07 11:00:18 +0000 2018,"What an inspiration! ? 

?? Fraser shed the pounds to pursue his wrestling dream, in memory of his mother. https://t.co/LWmuGo6dTN",0.69,0.251,0.0,0.749,76
75,BBC,Sat Apr 07 10:26:52 +0000 2018,"RT @BBCSport: It's a historic victory for Uganda! ? 

Earlier today they recorded their first ever victory at the Commonwealth games with a…",0.0,0.0,0.0,1.0,77
76,BBC,Sat Apr 07 10:05:06 +0000 2018,?? Did you know that cherries and strawberries represented the souls of men? Or that a dragonfly could be the devil… https://t.co/s9rFhv5wlu,0.0,0.0,0.0,1.0,78
77,BBC,Sat Apr 07 09:00:12 +0000 2018,"Losing your hair whilst going through cancer treatment can be distressing. 

This shop decided to try and do someth… https://t.co/mcOgFrRtdq",-0.866,0.0,0.363,0.637,79
78,BBC,Sat Apr 07 08:00:16 +0000 2018,?? This trash collecting robot can be controlled by anyone via the internet. https://t.co/N2gbeP2nIo,0.0,0.0,0.0,1.0,80
79,BBC,Sat Apr 07 07:54:05 +0000 2018,"RT @bbcgetinspired: 'Women don't just stay at home and look after the kids, we don't just do dance or gymnastics, we play tennis, football…",0.34,0.094,0.0,0.906,81
80,BBC,Sat Apr 07 07:03:06 +0000 2018,?? These baby red squirrels are too cute to handle. https://t.co/d2r7c8EyUh,0.459,0.231,0.0,0.769,82
81,BBC,Fri Apr 06 19:48:37 +0000 2018,"RT @bbcmusic: Jade, this was INCREDIBLE ?
#SoundsLikeFridayNight https://t.co/rSGnYVTFYu",0.0,0.0,0.0,1.0,83
82,BBC,Fri Apr 06 18:07:07 +0000 2018,? Modern life is a mystery. https://t.co/a4817Iugzz,0.0,0.0,0.0,1.0,84
83,BBC,Fri Apr 06 17:32:05 +0000 2018,"Tune in to #SLFN tonight for performances from @snowpatrol, @Meghan_Trainor, @yearsandyears and @halsey. ???

Sound… https://t.co/EFjiBk5upm",0.0,0.0,0.0,1.0,85
84,BBC,Fri Apr 06 16:13:08 +0000 2018,RT @bbcpointswest: ? Prince Harry and Meghan Markle arrive in Bath for the Invictus Games trials ? https://t.co/ywlHvaHt2z,0.0,0.0,0.0,1.0,86
85,BBC,Fri Apr 06 16:08:04 +0000 2018,"? If you're going to get dumped on TV, it might as well be via @KylieMinogue. 

#TheGNShow | 10.35pm | @BBCOne https://t.co/CgfsjKjeob",-0.153,0.096,0.124,0.78,87
86,BBC,Fri Apr 06 16:02:36 +0000 2018,"RT @BBCNewsround: Ever wondered why we cry when we chop onions? Now you'll have no excuse to avoid cooking dinner, sorry! ?https://t.co/SyX…",-0.778,0.047,0.332,0.621,88
87,BBC,Fri Apr 06 15:23:45 +0000 2018,"RT @BBCOne: MY OLD FRIEND.

#OrdealByInnocence #Sunshine https://t.co/vQBvcgLrCe",0.604,0.36,0.0,0.64,89
88,BBC,Fri Apr 06 15:22:01 +0000 2018,"? Two years ago @ShekuKM won @BBCYoungMus. 
Now he wants to inspire other young people to pick up an instrument too… https://t.co/fG0F3x2eDN",0.813,0.28,0.0,0.72,90
89,BBC,Fri Apr 06 15:20:18 +0000 2018,"RT @bbcgetinspired: She's only 11 years old, but @sport_wales' Anna Hursey is smashing it at #GC2018! ? 

? https://t.co/9sFYGzsgnQ #GetIns…",0.0,0.0,0.0,1.0,91
90,BBC,Fri Apr 06 15:02:33 +0000 2018,RT @bbcmusic: Counting down the seconds TBH ?@LittleMix https://t.co/6UTrz9gqQr,0.0,0.0,0.0,1.0,92
91,BBC,Fri Apr 06 15:02:05 +0000 2018,?? Hate food waste but love beer? https://t.co/IL9jmlaMjs,0.55,0.385,0.282,0.332,93
92,BBC,Fri Apr 06 14:30:39 +0000 2018,"RT @BBCRadio3: ""Stop being so selfish – this isn’t about you."" Harsh words - or tough love?
Zeynep, Jess and Sam discuss one teacher’s cont…",-0.585,0.13,0.31,0.559,94
93,BBC,Fri Apr 06 14:07:06 +0000 2018,"? ???
Saving animals using space technology. https://t.co/gAwJcD2I2A",0.0,0.0,0.0,1.0,95
94,BBC,Fri Apr 06 13:02:05 +0000 2018,"?? From a near-silent horror film to an Australian Western, here are 8 movies worth watching in April. 
?… https://t.co/b15kbsQ7MD",-0.422,0.088,0.171,0.741,96
95,BBC,Fri Apr 06 12:18:09 +0000 2018,RT @BBCOne: For all the drama queens. ? https://t.co/RfdMDieaCZ,0.0,0.0,0.0,1.0,97
96,BBC,Fri Apr 06 12:03:05 +0000 2018,?? Meet the dancers from Lagos who've been tipped for the top by @Rihanna and @NaomiCampbell. https://t.co/3ySZPqcyBr,0.202,0.101,0.0,0.899,98
97,BBC,Fri Apr 06 11:32:15 +0000 2018,"RT @BBCSport: Gareth Evans absolutely loved it! ? 

This is how it felt to win Wales' first gold! ????????

#GC2018 #bbcgoldcoast https://t…",0.862,0.311,0.0,0.689,99
98,BBC,Fri Apr 06 11:00:06 +0000 2018,"??? 
Royal pets are now more synonymous with corgis than wild animals, but historically monarchs would own an array… https://t.co/5VVyiWHPv1",0.0,0.0,0.0,1.0,100
99,BBC,Fri Apr 06 10:10:03 +0000 2018,"? Say hello to Willow the cheetah! 
#BigCatsAboutTheHouse https://t.co/e9xNVjR0gi",0.0,0.0,0.0,1.0,101
100,CBS,Mon Apr 09 17:29:47 +0000 2018,"@edsheeran, @KeshaRose, @HaileeSteinfeld, @ActuallyNPH, and many more describe the impact that the music of Elton J… https://t.co/wBwzWcWGAa",0.0,0.0,0.0,1.0,2
101,CBS,Mon Apr 09 17:00:02 +0000 2018,"Lights will come on for @Jason_Aldean when he takes the stage to perform at the 53rd #ACMawards on Sunday, April 15… https://t.co/qPAbrFp4kQ",0.0,0.0,0.0,1.0,3
102,CBS,Mon Apr 09 15:00:00 +0000 2018,Which state does @reba call home and which song was her first No. 1 single? Test your knowledge of the beloved coun… https://t.co/Sp8icKpFNu,0.273,0.129,0.086,0.784,4
103,CBS,Mon Apr 09 13:36:00 +0000 2018,This just in! Thirteen-time ACM Award® winner @carrieunderwood will be performing her soon-to-be-released single li… https://t.co/GEyjt4lFbb,0.624,0.214,0.0,0.786,5
104,CBS,Mon Apr 09 01:42:06 +0000 2018,It's time to celebrate! @MomCBS will be back for Season 6! https://t.co/ianxp6JWHq,0.647,0.28,0.0,0.72,6
105,CBS,Sun Apr 08 22:00:01 +0000 2018,@OldDominion's Matthew Ramsey is here with a friendly reminder - Country Music’s Party Of The Year® is just seven d… https://t.co/SFnXxQLoPN,0.71,0.258,0.0,0.742,7
106,CBS,Sun Apr 08 18:38:13 +0000 2018,It all comes down to this! Stream Round 4 of #TheMasters Tournament on CBS live with a free trial of CBS All Access… https://t.co/mNFSAUkLvZ,0.556,0.146,0.0,0.854,8
107,CBS,Sun Apr 08 15:00:00 +0000 2018,"@reba is ready for her hosting duties! In just one week, watch her take the stage at the 53rd #ACMawards. Tune in A… https://t.co/TmjezmqPme",0.42,0.108,0.0,0.892,9
108,CBS,Sat Apr 07 19:35:08 +0000 2018,Watch some of the biggest names in golf compete in one of the greatest tournaments of the year! Stream #TheMasters… https://t.co/e8kbkSLx5k,0.67,0.183,0.0,0.817,10
109,CBS,Sat Apr 07 18:28:03 +0000 2018,Tonight's the night! Here's a behind-the-scenes look at season 2 of @RansomCBS before the big premiere. Tune in at… https://t.co/WtRHvufO7H,0.0,0.0,0.0,1.0,11
110,CBS,Sat Apr 07 16:30:02 +0000 2018,What song will @DierksBentley belt out when he takes the stage to perform at the 53rd #ACMawards? Get ready to sing… https://t.co/oEtKJnKQVn,0.361,0.106,0.0,0.894,12
111,CBS,Sat Apr 07 15:31:12 +0000 2018,"@johnlegend, @mirandalambert, @KeshaRose, and more perform @eltonofficial's hit songs! Watch Elton John: I'm Still… https://t.co/VF3hf8OCT7",0.0,0.0,0.0,1.0,13
112,CBS,Fri Apr 06 21:10:18 +0000 2018,Ask 53rd ACM Awards® host @reba a question and she just may answer it on April 11 at 5:30p ET/2:30p PT when she tak… https://t.co/DAa5gQS8oX,0.0,0.0,0.0,1.0,14
113,CBS,Fri Apr 06 17:00:00 +0000 2018,What’s @eltonofficial's birth name and which of his songs holds the record for biggest selling single of all time?… https://t.co/N5qkMYCE7e,0.0,0.0,0.0,1.0,15
114,CBS,Fri Apr 06 13:45:00 +0000 2018,Do you have a question for country music legend and host of the 53rd ACM Awards® @reba? Write it below for a chance… https://t.co/yVVDVFpxDM,0.0,0.0,0.0,1.0,16
115,CBS,Thu Apr 05 21:44:00 +0000 2018,How well do you know The Academy of Country Music Awards™? Test your knowledge of Country Music’s Party of the Year… https://t.co/lfWAcvAbZa,0.586,0.194,0.0,0.806,17
116,CBS,Thu Apr 05 19:07:48 +0000 2018,"RT @CodeBlackCBS: The intensity and emotions of your favorite show are returning to @CBS in 3 weeks.

Get excited. https://t.co/aGUNIPwRjh",0.66,0.241,0.0,0.759,18
117,CBS,Thu Apr 05 17:00:00 +0000 2018,"Don't miss @littlebigtown's amazing performance of @eltonofficial's ""Rocket Man"" under the big spotlight at Elton J… https://t.co/bqse7nhkV3",-0.388,0.074,0.157,0.769,19
118,CBS,Wed Apr 04 22:07:01 +0000 2018,Today's biggest stars are celebrating @EltonJohn's most beloved and legendary catalogue of hits with two albums dro… https://t.co/cilUdkKtjQ,0.807,0.313,0.0,0.687,20
119,CBS,Wed Apr 04 21:48:07 +0000 2018,"RT @LifeInPiecesCBS: We ""literally can't even"" with how hilarious these #LifeInPieces outtakes are! ?

Introducing Laughing To Pieces! Foll…",0.757,0.288,0.0,0.712,21
120,CBS,Mon Apr 09 17:29:47 +0000 2018,"@edsheeran, @KeshaRose, @HaileeSteinfeld, @ActuallyNPH, and many more describe the impact that the music of Elton J… https://t.co/wBwzWcWGAa",0.0,0.0,0.0,1.0,22
121,CBS,Mon Apr 09 17:00:02 +0000 2018,"Lights will come on for @Jason_Aldean when he takes the stage to perform at the 53rd #ACMawards on Sunday, April 15… https://t.co/qPAbrFp4kQ",0.0,0.0,0.0,1.0,23
122,CBS,Mon Apr 09 15:00:00 +0000 2018,Which state does @reba call home and which song was her first No. 1 single? Test your knowledge of the beloved coun… https://t.co/Sp8icKpFNu,0.273,0.129,0.086,0.784,24
123,CBS,Mon Apr 09 13:36:00 +0000 2018,This just in! Thirteen-time ACM Award® winner @carrieunderwood will be performing her soon-to-be-released single li… https://t.co/GEyjt4lFbb,0.624,0.214,0.0,0.786,25
124,CBS,Mon Apr 09 01:42:06 +0000 2018,It's time to celebrate! @MomCBS will be back for Season 6! https://t.co/ianxp6JWHq,0.647,0.28,0.0,0.72,26
125,CBS,Sun Apr 08 22:00:01 +0000 2018,@OldDominion's Matthew Ramsey is here with a friendly reminder - Country Music’s Party Of The Year® is just seven d… https://t.co/SFnXxQLoPN,0.71,0.258,0.0,0.742,27
126,CBS,Sun Apr 08 18:38:13 +0000 2018,It all comes down to this! Stream Round 4 of #TheMasters Tournament on CBS live with a free trial of CBS All Access… https://t.co/mNFSAUkLvZ,0.556,0.146,0.0,0.854,28
127,CBS,Sun Apr 08 15:00:00 +0000 2018,"@reba is ready for her hosting duties! In just one week, watch her take the stage at the 53rd #ACMawards. Tune in A… https://t.co/TmjezmqPme",0.42,0.108,0.0,0.892,29
128,CBS,Sat Apr 07 19:35:08 +0000 2018,Watch some of the biggest names in golf compete in one of the greatest tournaments of the year! Stream #TheMasters… https://t.co/e8kbkSLx5k,0.67,0.183,0.0,0.817,30
129,CBS,Sat Apr 07 18:28:03 +0000 2018,Tonight's the night! Here's a behind-the-scenes look at season 2 of @RansomCBS before the big premiere. Tune in at… https://t.co/WtRHvufO7H,0.0,0.0,0.0,1.0,31
130,CBS,Sat Apr 07 16:30:02 +0000 2018,What song will @DierksBentley belt out when he takes the stage to perform at the 53rd #ACMawards? Get ready to sing… https://t.co/oEtKJnKQVn,0.361,0.106,0.0,0.894,32
131,CBS,Sat Apr 07 15:31:12 +0000 2018,"@johnlegend, @mirandalambert, @KeshaRose, and more perform @eltonofficial's hit songs! Watch Elton John: I'm Still… https://t.co/VF3hf8OCT7",0.0,0.0,0.0,1.0,33
132,CBS,Fri Apr 06 21:10:18 +0000 2018,Ask 53rd ACM Awards® host @reba a question and she just may answer it on April 11 at 5:30p ET/2:30p PT when she tak… https://t.co/DAa5gQS8oX,0.0,0.0,0.0,1.0,34
133,CBS,Fri Apr 06 17:00:00 +0000 2018,What’s @eltonofficial's birth name and which of his songs holds the record for biggest selling single of all time?… https://t.co/N5qkMYCE7e,0.0,0.0,0.0,1.0,35
134,CBS,Fri Apr 06 13:45:00 +0000 2018,Do you have a question for country music legend and host of the 53rd ACM Awards® @reba? Write it below for a chance… https://t.co/yVVDVFpxDM,0.0,0.0,0.0,1.0,36
135,CBS,Thu Apr 05 21:44:00 +0000 2018,How well do you know The Academy of Country Music Awards™? Test your knowledge of Country Music’s Party of the Year… https://t.co/lfWAcvAbZa,0.586,0.194,0.0,0.806,37
136,CBS,Thu Apr 05 19:07:48 +0000 2018,"RT @CodeBlackCBS: The intensity and emotions of your favorite show are returning to @CBS in 3 weeks.

Get excited. https://t.co/aGUNIPwRjh",0.66,0.241,0.0,0.759,38
137,CBS,Thu Apr 05 17:00:00 +0000 2018,"Don't miss @littlebigtown's amazing performance of @eltonofficial's ""Rocket Man"" under the big spotlight at Elton J… https://t.co/bqse7nhkV3",-0.388,0.074,0.157,0.769,39
138,CBS,Wed Apr 04 22:07:01 +0000 2018,Today's biggest stars are celebrating @EltonJohn's most beloved and legendary catalogue of hits with two albums dro… https://t.co/cilUdkKtjQ,0.807,0.313,0.0,0.687,40
139,CBS,Wed Apr 04 21:48:07 +0000 2018,"RT @LifeInPiecesCBS: We ""literally can't even"" with how hilarious these #LifeInPieces outtakes are! ?

Introducing Laughing To Pieces! Foll…",0.757,0.288,0.0,0.712,41
140,CBS,Wed Apr 04 21:47:26 +0000 2018,"RT @YoungSheldon: Don't miss guest star @Followtheblonde in tomorrow's all-new #YoungSheldon! Trust us, you're going to love every minute.…",0.85,0.366,0.0,0.634,42
141,CBS,Wed Apr 04 21:46:13 +0000 2018,RT @MomCBS: Tomorrow's episode of #Mom is going to be a doggone good one! https://t.co/e1WI3uOxVg,0.493,0.197,0.0,0.803,43
142,CBS,Wed Apr 04 21:44:17 +0000 2018,RT @survivorcbs: There's a lot at stake when competing for actual steak. Get a glimpse at an all-new #Survivor: Ghost Island at 8/7c on CBS…,-0.318,0.0,0.095,0.905,44
143,CBS,Wed Apr 04 18:02:13 +0000 2018,RT @TVLine: #LifeInPieces Sneak Peek: Sophia and Her Stuffed Toys Stage a Musical Protest https://t.co/r16SLZlZPc,-0.25,0.0,0.133,0.867,45
144,CBS,Tue Apr 03 23:00:00 +0000 2018,Whose catchy tune will take Song Of The Year at the 53rd #ACMawards? Give it up for the four nominees -… https://t.co/R9MtUNZtsw,0.0,0.0,0.0,1.0,46
145,CBS,Tue Apr 03 21:00:02 +0000 2018,"Here's everything you need to know before tuning into Elton John: I'm Still Standing - A GRAMMY® Salute on Tuesday,… https://t.co/C8fiKl4j98",0.0,0.0,0.0,1.0,47
146,CBS,Tue Apr 03 18:00:00 +0000 2018,"In just one week, @eltonofficial and today's hottest stars in music will join together to celebrate Elton's countle… https://t.co/ACQGHNWz8u",0.71,0.258,0.0,0.742,48
147,CBS,Tue Apr 03 05:17:01 +0000 2018,Tonight we #LightItUpBlue for greater understanding and acceptance. CBS supports #WorldAutismAwarenessDay by lighti… https://t.co/hBAXcDvP4r,0.791,0.421,0.0,0.579,49
148,CBS,Mon Apr 02 17:30:00 +0000 2018,No one does it quite like @eltonofficial. The artist himself will belt out some of his chart-topping hits on Elton… https://t.co/ckY4bUvTXI,0.151,0.116,0.092,0.792,50
149,CBS,Sun Apr 01 17:00:03 +0000 2018,The Las Vegas strip is about to light up brighter than ever before when Country Music’s Party Of The Year® takes ov… https://t.co/j1A2ZVHAoO,0.649,0.202,0.0,0.798,51
150,CBS,Sat Mar 31 18:00:00 +0000 2018,"“If you don’t do something about it, then who are you? … It can happen to anyone.” - @aplusk 

Tonight at 10/9c, a… https://t.co/EQabNc1UZI",0.0,0.0,0.0,1.0,52
151,CBS,Sat Mar 31 15:30:00 +0000 2018,Give it up for @KelseaBallerini! This star is one of the Female Vocalist Of The Year nominees and she's ready to ta… https://t.co/wLyHwkEGs2,0.42,0.113,0.0,0.887,53
152,CBS,Fri Mar 30 16:50:00 +0000 2018,Take and post a photo of the woman in your life who inspires you! The photo should only have one person against a n… https://t.co/BHdxXlWfKP,0.493,0.127,0.0,0.873,54
153,CBS,Thu Mar 29 17:32:40 +0000 2018,"Expect epic performances by @kanebrown , @kelly_clarkson, @OfficialJackson, and more at this year's 53rd #ACMawards… https://t.co/3yso7Z0cjv",0.0,0.0,0.0,1.0,55
154,CBS,Thu Mar 29 17:30:02 +0000 2018,"Will @HIGHVALLEY, @LancoMusic, @LOCASHmusic, @MidlandOfficial, or @runawayjune be named New Vocal Duo Or Group Of T… https://t.co/v0QIPLC47R",0.0,0.0,0.0,1.0,56
155,CBS,Tue Mar 27 21:00:01 +0000 2018,Count on Entertainer Of The Year nominee @LukeBryanOnline to crash the party with an epic performance at the 53rd… https://t.co/27ua60HTqu,0.382,0.212,0.108,0.68,57
156,CBS,Tue Mar 27 17:00:00 +0000 2018,Join @eltonofficial and some of today's hottest names in music when they take the stage to perform his most memorab… https://t.co/jz0jaShZIj,0.296,0.099,0.0,0.901,58
157,CBS,Mon Mar 26 22:14:25 +0000 2018,"RT @ACMawards: The ACM for New Vocal Group of the Year goes to @MidlandOfficial! And yes, that really was @Reba on the phone! #ACMawards ht…",0.508,0.12,0.0,0.88,59
158,CBS,Mon Mar 26 20:42:48 +0000 2018,"RT @ACMawards: In case you didn’t know, the ACM for New Male Vocalist of the Year goes to @BrettYoungMusic. Check out his reaction when @Re…",0.0,0.0,0.0,1.0,60
159,CBS,Mon Mar 26 16:59:19 +0000 2018,RT @ACMawards: Over the weekend @Reba called the ACM New Artist of the Year winners to let them know they had won! Let’s just say our New F…,0.796,0.214,0.0,0.786,61
160,CBS,Mon Mar 26 16:05:18 +0000 2018,"Congratulations to the 53rd #ACMawards New Artist winners @Lauren_Alaina, @MidlandOfficial, and @BrettYoungMusic! W… https://t.co/Fr8H4arwGj",0.807,0.378,0.0,0.622,62
161,CBS,Sun Mar 25 23:57:34 +0000 2018,New start times in East/Central Time Zones #60Minutes 7:35ET/6:35CT #Instinct  8:35ET/7:35CT #NCISLA 9:35ET/8:35CT… https://t.co/8W5hAeLrvs,0.0,0.0,0.0,1.0,63
162,CBS,Sun Mar 25 17:15:25 +0000 2018,Don’t miss a minute of the action. Stream the Elite Eight® games LIVE today starting at 2PM ET with a FREE trial of… https://t.co/8NwU8HdiHR,0.532,0.157,0.062,0.78,64
163,CBS,Sat Mar 24 22:46:53 +0000 2018,RT @MomCBS: That's a wrap on the #Mom panel at #PaleyFest! Thanks for following along! https://t.co/we4JgqPt6P,0.54,0.199,0.0,0.801,65
164,CBS,Sat Mar 24 22:46:43 +0000 2018,RT @MomCBS: A fan just commented that #Mom helped bring him out of a deep depression. ??? #PaleyFest,-0.34,0.115,0.185,0.7,66
165,CBS,Sat Mar 24 22:25:03 +0000 2018,"RT @MomCBS: ""Go out for it anyway. If you're good for the role, you're good for the role."" @theJaimePressly's advice for aspiring actors wi…",0.7,0.209,0.0,0.791,67
166,CBS,Sat Mar 24 22:21:37 +0000 2018,RT @MomCBS: Mom Co-Creator @GemmaRBaker just pointed out her own #Mom in the audience at #PaleyFest! ?,0.0,0.0,0.0,1.0,68
167,CBS,Sat Mar 24 22:21:34 +0000 2018,"RT @MomCBS: ""I'm not someone in recovery who goes to AA, but I have taken so much away from it...to take one day at a time."" - @theJaimePre…",0.0,0.0,0.0,1.0,69
168,CBS,Sat Mar 24 22:21:26 +0000 2018,"RT @MomCBS: ""You get to appreciate working with such talented people."" - @AnnaKFaris #Mom #PaleyFest",0.718,0.333,0.0,0.667,70
169,CBS,Sat Mar 24 22:21:23 +0000 2018,RT @MomCBS: “I love this job. I love working with these women. I love working in front of the live audience… It’s alive and it’s fun.” - @A…,0.945,0.42,0.0,0.58,71
170,CBS,Sat Mar 24 20:00:02 +0000 2018,"Get on your feet for @Jason_Aldean, @ThomasRhett, @ChrisStapleton, @KeithUrban, and @ChrisYoungMusic, the five nomi… https://t.co/oT5ogjdj4x",0.0,0.0,0.0,1.0,72
171,CBS,Fri Mar 23 22:33:52 +0000 2018,Get ready for some sweet games! Stream #5 Clemson vs #1 Kansas LIVE at 7PM ET and #11 Syracuse vs #2 Duke LIVE at 9… https://t.co/4WstgrKNnW,0.7,0.194,0.0,0.806,73
172,CBS,Fri Mar 23 22:33:04 +0000 2018,RT @SEALTeamCBS: In honor of #NationalPuppyDay... ? #SEALTeam https://t.co/4mIZPpiRlU,0.494,0.314,0.0,0.686,74
173,CBS,Fri Mar 23 22:32:48 +0000 2018,"RT @HawaiiFive0CBS: Nothing like a man and his dog! ?? Happy #NationalPuppyDay to Eddie, the best pup on the Five-0 Task Force! #H50 https:…",0.9,0.355,0.0,0.645,75
174,CBS,Thu Mar 22 22:10:29 +0000 2018,Game on! 16 teams left and the race to the finish continues tonight. Stream #11 Loyola-Chicago vs #7 Nevada LIVE at… https://t.co/W374rmzzoC,0.0,0.0,0.0,1.0,76
175,CBS,Thu Mar 22 20:52:02 +0000 2018,Save the date! These are season finales you do NOT want to miss. RT if you're excited! https://t.co/UUQoWsPPSh https://t.co/cDl4WmxMtU,0.708,0.311,0.066,0.623,77
176,CBS,Thu Mar 22 00:23:38 +0000 2018,Congratulations to all of the @CBSDaytime nominees for the #DaytimeEmmys! See the full list of #DaytimeEmmy nominee… https://t.co/ivJVJWvfsf,0.636,0.198,0.0,0.802,78
177,CBS,Wed Mar 21 18:00:01 +0000 2018,Female Vocalist Of The Year nominee @MarenMorris will show her fans how it’s done when she takes the stage to showc… https://t.co/PITjmAoFT8,0.0,0.0,0.0,1.0,79
178,CBS,Tue Mar 20 20:00:01 +0000 2018,The legendary @Reba returns to host the 53rd #ACMawards and she’s proving just how comfortable she is behind the mi… https://t.co/XPXcSPRXqC,0.511,0.142,0.0,0.858,80
179,CBS,Tue Mar 20 17:58:43 +0000 2018,RT @nancyodell: Told my daughter I'd be presenting at @ACMawards again this year. (Woot woot!We both luv country music!)She took this pic o…,0.0,0.0,0.0,1.0,81
180,CBS,Tue Mar 20 16:52:42 +0000 2018,RT @ladyantebellum: Ecstatic to announce we'll be performing at the #ACMawards in Las Vegas again this year! https://t.co/Qfhs94j6FR,0.556,0.174,0.0,0.826,82
181,CBS,Tue Mar 20 16:11:00 +0000 2018,"Country superstars @kennychesney, @ladyantebellum, @blakeshelton, and @KeithUrban have just been added to the stell… https://t.co/bJ4If7MacP",0.0,0.0,0.0,1.0,83
182,CBS,Mon Mar 19 21:02:26 +0000 2018,"RT @YandR_CBS: Forever evolving, Forever inspiring, Forever Young and Restless. ?? Get ready to celebrate 45 years of #YR starting in just…",0.784,0.309,0.072,0.619,84
183,CBS,Sun Mar 18 23:44:30 +0000 2018,New start times in East/Central Time Zones: #60Minutes 7:37ET/6:37CT #Instinct series premiere 8:37ET/7:37CT… https://t.co/xT3YKqmu2M,0.0,0.0,0.0,1.0,85
184,CBS,Sun Mar 18 18:05:43 +0000 2018,Spend your Sunday streaming Second Round games LIVE with a FREE trial of CBS All Access! https://t.co/3P85rXLy4b https://t.co/zbWfirD9Ju,0.651,0.213,0.0,0.787,86
185,CBS,Sun Mar 18 17:09:53 +0000 2018,"RT @instinctcbs: TONIGHT, Dr. Dylan Reinhart rewrites the book on abnormal behavior. Don't miss the premiere of #Instinct at 8/7c! https://…",0.187,0.08,0.0,0.92,87
186,CBS,Sat Mar 17 19:00:02 +0000 2018,"If any duo knows how to rock the stage, it's @FLAGALine. The Vocal Duo Of The Year nominee will perform live at the… https://t.co/FknabB8NQp",0.0,0.0,0.0,1.0,88
187,CBS,Sat Mar 17 17:42:43 +0000 2018,How is your bracket looking after last night? Stream Second Round games LIVE today with a FREE trial of CBS All Acc… https://t.co/25JlIpgwog,0.617,0.161,0.0,0.839,89
188,CBS,Sat Mar 17 14:00:03 +0000 2018,Where better to spend #StPatricksDay than the place everybody knows your name? It’s just your luck that every singl… https://t.co/Fom5wmdENL,0.71,0.247,0.0,0.753,90
189,CBS,Fri Mar 16 22:53:21 +0000 2018,Stars @JakeMcDorman and Nik Dodani will join the cast in the upcoming revival of Murphy Brown coming to CBS.… https://t.co/JCAx29lo0i,0.296,0.104,0.0,0.896,91
190,CBS,Fri Mar 16 18:15:53 +0000 2018,"RT @thegoodfight: Go behind the scenes with costume designer @DanLawsonStyle in ""Behind The Style,"" a new weekly video series all about the…",0.0,0.0,0.0,1.0,92
191,CBS,Fri Mar 16 16:28:40 +0000 2018,The games have just begun! Continue to stream First Round games LIVE today with a FREE trial of CBS All Access:… https://t.co/YTGsJ48zYP,0.651,0.178,0.0,0.822,93
192,CBS,Thu Mar 15 17:54:06 +0000 2018,"RT @TheTalkCBS: You asked, we answered! The fun never ends when the ladies #KeepTalking and answer your fan questions ???? https://t.co/ie1…",0.709,0.237,0.0,0.763,94
193,CBS,Thu Mar 15 17:20:26 +0000 2018,RT @instinctcbs: Dr. Dylan Reinhart is lured back into the field from his life of quiet academia when a certain serial killer makes things…,-0.494,0.077,0.157,0.766,95
194,CBS,Thu Mar 15 16:42:41 +0000 2018,Stream First Round games LIVE today starting at 12PM ET with a FREE trial of CBS All Access! https://t.co/3P85rXLy4b https://t.co/vZow3YD8cb,0.651,0.194,0.0,0.806,96
195,CBS,Thu Mar 15 14:32:16 +0000 2018,RT @CBSSports: It's the most wonderful time of the year. #MarchMadness https://t.co/e4c9qohqSR,0.612,0.266,0.0,0.734,97
196,CBS,Wed Mar 14 19:30:01 +0000 2018,"Give these ladies some love! @Lauren_Alaina, @DBradbery, @carlypearce, and @RaeLynn are nominated for New Female Vo… https://t.co/IVhwURfJ3S",0.67,0.219,0.0,0.781,98
197,CBS,Tue Mar 13 18:48:52 +0000 2018,"RT @ManWithAPlan: Hungry for more #ManWithAPlan bloopers and behind-the-scenes videos featuring cast like @matt_leblanc, @thelizasnyder, @k…",0.361,0.143,0.0,0.857,99
198,CBS,Tue Mar 13 14:15:10 +0000 2018,"Music stars @MileyCyrus, @edsheeran, @ladygaga, and more will honor the legendary @eltonofficial and his hit songs… https://t.co/UzxARCCLnI",0.539,0.179,0.0,0.821,100
199,CBS,Mon Mar 12 18:13:28 +0000 2018,RT @thegoodfight: The verdict is in. The new season of #TheGoodFight is ???! Stream it now on CBS All Access: https://t.co/FkYSNSXlRb https…,0.224,0.083,0.0,0.917,101
200,CNN,Mon Apr 09 18:30:10 +0000 2018,"""Black Panther"" passes ""Titanic"" at the box office on the all-time list of highest grossing films… https://t.co/K3YcmgZUNa",-0.077,0.0,0.075,0.925,2
201,CNN,Mon Apr 09 18:28:00 +0000 2018,A bodyguard for boxing champ Floyd Mayweather is recovering at an Atlanta hospital after being shot in the leg outs… https://t.co/ojVt62HPF5,0.477,0.14,0.0,0.86,3
202,CNN,Mon Apr 09 18:20:11 +0000 2018,"Gassed where they had hidden, Syrian families were killed in minutes.

11 people from one family and eight from ano… https://t.co/01Z01avB0K",-0.67,0.0,0.184,0.816,4
203,CNN,Mon Apr 09 18:10:07 +0000 2018,"David Hogg, one of Marjory Stoneman Douglas High School's most visible student activists, will postpone his first y… https://t.co/oketcR6Acj",-0.226,0.0,0.095,0.905,5
204,CNN,Mon Apr 09 18:00:12 +0000 2018,"Illinois Democratic Sen. Tammy Duckworth gave birth to a baby girl Monday, her office announced, the first US senat… https://t.co/G8vl4Vc2CV",0.0,0.0,0.0,1.0,6
205,CNN,Mon Apr 09 17:56:36 +0000 2018,"RT @CNNPolitics: Sen. Bill Nelson: If we don’t act on Facebook, “none of us are going to have any privacy anymore” https://t.co/j2vKcfuFuo",0.0,0.0,0.0,1.0,7
206,CNN,Mon Apr 09 17:50:03 +0000 2018,The federal government's top voice on ethics sent a letter to the EPA outlining areas of concern regarding agency c… https://t.co/GQcZs2YBFN,0.202,0.087,0.0,0.913,8
207,CNN,Mon Apr 09 17:40:10 +0000 2018,"Voters in Anchorage, Alaska, narrowly reject a proposal to restrict bathroom access for transgender people, the fir… https://t.co/1XDALjEFwm",-0.649,0.0,0.261,0.739,9
208,CNN,Mon Apr 09 17:30:07 +0000 2018,"Why Rick Scott's Senate candidacy is very, very good news for Republicans | Analysis by @CillizzaCNN… https://t.co/pGpb2HfJQz",0.538,0.188,0.0,0.812,10
209,CNN,Mon Apr 09 17:20:12 +0000 2018,"Just before Bill Cosby walked into court Monday morning, a topless protester with ""Cosby rapist"" and women's names… https://t.co/dEBpuMfsbD",-0.71,0.0,0.224,0.776,11
210,CNN,Mon Apr 09 17:10:08 +0000 2018,The stock market can't figure out President Trump's trade policy https://t.co/HAB2bsxco0 https://t.co/UoCsLTvhKE,0.0,0.0,0.0,1.0,12
211,CNN,Mon Apr 09 17:00:12 +0000 2018,Pope Francis says helping the poor and migrants is as important as opposing abortion https://t.co/B9rmyQdHgS https://t.co/XtVV4kelqz,-0.026,0.199,0.154,0.647,13
212,CNN,Mon Apr 09 16:51:12 +0000 2018,At least 23 schoolchildren were among those killed Monday in northern India after their bus skidded off the road an… https://t.co/67yfiJaJxX,-0.67,0.0,0.184,0.816,14
213,CNN,Mon Apr 09 16:43:03 +0000 2018,Some Facebook users can now see whether their data may have been obtained by political data firm Cambridge Analytic… https://t.co/HFVSiXVeK4,0.0,0.0,0.0,1.0,15
214,CNN,Mon Apr 09 16:36:26 +0000 2018,Mark Zuckerberg has a clear message for Congress in the wake of the Cambridge Analytica scandal: It's my fault:… https://t.co/sl6PxaHXyO,-0.077,0.116,0.129,0.756,16
215,CNN,Mon Apr 09 16:24:03 +0000 2018,"President Trump strongly condemns the ""atrocious"" chemical weapons attack in Syria and says a decision on US action… https://t.co/wBVvORqpm0",-0.802,0.083,0.366,0.551,17
216,CNN,Mon Apr 09 16:15:27 +0000 2018,"Does Putin bear responsibility for the suspected chemical attack in Syria?

President Trump: “He may, yeah, he may.… https://t.co/tmDaXti97p",-0.422,0.095,0.216,0.69,18
217,CNN,Mon Apr 09 16:06:04 +0000 2018,President Trump: “We’ll be making some major decisions over the next 24 to 48 hours” on a US response to the suspec… https://t.co/iSTwBp9FOX,0.0,0.0,0.0,1.0,19
218,CNN,Mon Apr 09 16:00:37 +0000 2018,"President Trump condemns the “heinous attack” on Syrian civilians: “This is about humanity... If it’s Russia, if it… https://t.co/vQxuUYgOo0",-0.511,0.0,0.155,0.845,20
219,CNN,Mon Apr 09 15:51:28 +0000 2018,"Facebook CEO Mark Zuckerberg is on Capitol Hill to meet with lawmakers, including members of committees holding hea… https://t.co/vTmwxfTEHS",0.0,0.0,0.0,1.0,21
220,CNN,Mon Apr 09 18:30:10 +0000 2018,"""Black Panther"" passes ""Titanic"" at the box office on the all-time list of highest grossing films… https://t.co/K3YcmgZUNa",-0.077,0.0,0.075,0.925,22
221,CNN,Mon Apr 09 18:28:00 +0000 2018,A bodyguard for boxing champ Floyd Mayweather is recovering at an Atlanta hospital after being shot in the leg outs… https://t.co/ojVt62HPF5,0.477,0.14,0.0,0.86,23
222,CNN,Mon Apr 09 18:20:11 +0000 2018,"Gassed where they had hidden, Syrian families were killed in minutes.

11 people from one family and eight from ano… https://t.co/01Z01avB0K",-0.67,0.0,0.184,0.816,24
223,CNN,Mon Apr 09 18:10:07 +0000 2018,"David Hogg, one of Marjory Stoneman Douglas High School's most visible student activists, will postpone his first y… https://t.co/oketcR6Acj",-0.226,0.0,0.095,0.905,25
224,CNN,Mon Apr 09 18:00:12 +0000 2018,"Illinois Democratic Sen. Tammy Duckworth gave birth to a baby girl Monday, her office announced, the first US senat… https://t.co/G8vl4Vc2CV",0.0,0.0,0.0,1.0,26
225,CNN,Mon Apr 09 17:56:36 +0000 2018,"RT @CNNPolitics: Sen. Bill Nelson: If we don’t act on Facebook, “none of us are going to have any privacy anymore” https://t.co/j2vKcfuFuo",0.0,0.0,0.0,1.0,27
226,CNN,Mon Apr 09 17:50:03 +0000 2018,The federal government's top voice on ethics sent a letter to the EPA outlining areas of concern regarding agency c… https://t.co/GQcZs2YBFN,0.202,0.087,0.0,0.913,28
227,CNN,Mon Apr 09 17:40:10 +0000 2018,"Voters in Anchorage, Alaska, narrowly reject a proposal to restrict bathroom access for transgender people, the fir… https://t.co/1XDALjEFwm",-0.649,0.0,0.261,0.739,29
228,CNN,Mon Apr 09 17:30:07 +0000 2018,"Why Rick Scott's Senate candidacy is very, very good news for Republicans | Analysis by @CillizzaCNN… https://t.co/pGpb2HfJQz",0.538,0.188,0.0,0.812,30
229,CNN,Mon Apr 09 17:20:12 +0000 2018,"Just before Bill Cosby walked into court Monday morning, a topless protester with ""Cosby rapist"" and women's names… https://t.co/dEBpuMfsbD",-0.71,0.0,0.224,0.776,31
230,CNN,Mon Apr 09 17:10:08 +0000 2018,The stock market can't figure out President Trump's trade policy https://t.co/HAB2bsxco0 https://t.co/UoCsLTvhKE,0.0,0.0,0.0,1.0,32
231,CNN,Mon Apr 09 17:00:12 +0000 2018,Pope Francis says helping the poor and migrants is as important as opposing abortion https://t.co/B9rmyQdHgS https://t.co/XtVV4kelqz,-0.026,0.199,0.154,0.647,33
232,CNN,Mon Apr 09 16:51:12 +0000 2018,At least 23 schoolchildren were among those killed Monday in northern India after their bus skidded off the road an… https://t.co/67yfiJaJxX,-0.67,0.0,0.184,0.816,34
233,CNN,Mon Apr 09 16:43:03 +0000 2018,Some Facebook users can now see whether their data may have been obtained by political data firm Cambridge Analytic… https://t.co/HFVSiXVeK4,0.0,0.0,0.0,1.0,35
234,CNN,Mon Apr 09 16:36:26 +0000 2018,Mark Zuckerberg has a clear message for Congress in the wake of the Cambridge Analytica scandal: It's my fault:… https://t.co/sl6PxaHXyO,-0.077,0.116,0.129,0.756,36
235,CNN,Mon Apr 09 16:24:03 +0000 2018,"President Trump strongly condemns the ""atrocious"" chemical weapons attack in Syria and says a decision on US action… https://t.co/wBVvORqpm0",-0.802,0.083,0.366,0.551,37
236,CNN,Mon Apr 09 16:15:27 +0000 2018,"Does Putin bear responsibility for the suspected chemical attack in Syria?

President Trump: “He may, yeah, he may.… https://t.co/tmDaXti97p",-0.422,0.095,0.216,0.69,38
237,CNN,Mon Apr 09 16:06:04 +0000 2018,President Trump: “We’ll be making some major decisions over the next 24 to 48 hours” on a US response to the suspec… https://t.co/iSTwBp9FOX,0.0,0.0,0.0,1.0,39
238,CNN,Mon Apr 09 16:00:37 +0000 2018,"President Trump condemns the “heinous attack” on Syrian civilians: “This is about humanity... If it’s Russia, if it… https://t.co/vQxuUYgOo0",-0.511,0.0,0.155,0.845,40
239,CNN,Mon Apr 09 15:51:28 +0000 2018,"Facebook CEO Mark Zuckerberg is on Capitol Hill to meet with lawmakers, including members of committees holding hea… https://t.co/vTmwxfTEHS",0.0,0.0,0.0,1.0,41
240,CNN,Mon Apr 09 15:50:06 +0000 2018,"Sean Hannity, who mocked Michelle Obama, says it's wrong to mock Melania Trump | via @CNNopinion… https://t.co/AgR2qL6zuv",-0.802,0.0,0.387,0.613,42
241,CNN,Mon Apr 09 15:40:08 +0000 2018,"Oklahoma teachers continue their walkout for a sixth day today, maintaining their pressure on state legislators for… https://t.co/Jppkmfi74G",-0.542,0.0,0.231,0.769,43
242,CNN,Mon Apr 09 15:30:10 +0000 2018,"Rick Scott is the toughest challenger Bill Nelson has faced for Florida Senate, but Nelson's still a slight favorit… https://t.co/EHq9izkgN9",0.026,0.064,0.059,0.876,44
243,CNN,Mon Apr 09 15:20:12 +0000 2018,What cities and states are doing about guns since the Parkland shooting https://t.co/vngGcWVQF7 https://t.co/9chaUhwhAl,0.0,0.0,0.0,1.0,45
244,CNN,Mon Apr 09 15:12:03 +0000 2018,The FDA worried this drug was risky. Now doctors are concerned about the report of more than 700 deaths in the less… https://t.co/esK5Q2wVDM,-0.459,0.0,0.16,0.84,46
245,CNN,Mon Apr 09 15:07:36 +0000 2018,People from both Canada and the United States are sharing photos of hockey sticks left on porches as a tribute to p… https://t.co/ubUTEoRBxU,0.681,0.219,0.0,0.781,47
246,CNN,Mon Apr 09 15:03:51 +0000 2018,"A disaster was narrowly averted in eastern India on Saturday after a runaway train carrying up to 1,000 passengers… https://t.co/3DeQiqTNRR",-0.66,0.0,0.252,0.748,48
247,CNN,Mon Apr 09 14:47:09 +0000 2018,Prince Harry and Meghan Markle are asking people who wish to send them a wedding gift to consider donating to one o… https://t.co/BOh2wHicgI,0.681,0.219,0.0,0.781,49
248,CNN,Mon Apr 09 14:31:06 +0000 2018,"When it comes to Syria, President Trump can tweet and launch strikes if he wants, but not much else | Analysis by… https://t.co/q5wp5kGq43",-0.19,0.0,0.077,0.923,50
249,CNN,Mon Apr 09 14:21:53 +0000 2018,"RT @cnni: Two of the most wanted fighters from the British ISIS cell called ""the Beatles"" spoke with @npwcnn from inside the detention faci…",-0.455,0.0,0.153,0.847,51
250,CNN,Mon Apr 09 14:20:03 +0000 2018,"As images of Syrian children gasping and convulsing spread around the world, President Trump and other internationa… https://t.co/QFqM3UzVxs",0.0,0.0,0.0,1.0,52
251,CNN,Mon Apr 09 14:04:35 +0000 2018,Life coach Tony Robbins apologized for his comments about the #MeToo movement after suggesting during a March event… https://t.co/U0Ln3fjW8v,0.318,0.119,0.0,0.881,53
252,CNN,Mon Apr 09 13:52:05 +0000 2018,From political refugee to CEO: How Geisha Williams made history by becoming the first Latina CEO of a Fortune 500 C… https://t.co/v9AAlj9mmM,0.0,0.0,0.0,1.0,54
253,CNN,Mon Apr 09 13:40:21 +0000 2018,Defense Secretary James Mattis on the possibility of launching airstrikes against Syrian President Bashar al-Assad'… https://t.co/4Oi2LTEfJ4,0.128,0.091,0.0,0.909,55
254,CNN,Mon Apr 09 13:29:17 +0000 2018,"""Black Panther"" passes ""Titanic"" at the box office on the all-time list of highest grossing films… https://t.co/Lf9lIVteVA",-0.077,0.0,0.075,0.925,56
255,CNN,Mon Apr 09 13:20:01 +0000 2018,Attorney General Jeff Sessions just made the opioid war harder to win | via @CNNopinion https://t.co/eO2ZYGLkm8 https://t.co/5ZmHgOzoz7,-0.026,0.175,0.18,0.645,57
256,CNN,Mon Apr 09 13:12:03 +0000 2018,"A disaster was narrowly averted in eastern India after a runaway train carrying up to 1,000 passengers rolled with… https://t.co/lGO0pA0YRX",-0.66,0.0,0.252,0.748,58
257,CNN,Mon Apr 09 13:05:54 +0000 2018,"Syria and it most powerful ally, Russia, blamed Israel for striking an airbase in the war-torn country on Monday, f… https://t.co/dU3bFRhJlV",-0.002,0.123,0.123,0.754,59
258,CNN,Mon Apr 09 13:00:15 +0000 2018,Stormy Daniels' legal team plans to release a composite sketch of the man the porn star says threatened her in 2011… https://t.co/Rbmaf5sW4J,-0.361,0.064,0.128,0.809,60
259,CNN,Mon Apr 09 12:49:37 +0000 2018,"Florida Republican Gov. Rick Scott says he's running for the US Senate, setting up a serious challenge to the state… https://t.co/9oHrPWsZw6",0.0,0.063,0.063,0.874,61
260,CNN,Mon Apr 09 12:45:10 +0000 2018,Beyond Tokyo: 8 of Japan's best foodie destinations https://t.co/0vjI9pVzDK via @CNNTravel https://t.co/MPo2WPjbfX,0.637,0.296,0.0,0.704,62
261,CNN,Mon Apr 09 12:38:55 +0000 2018,Pope Francis says helping the poor and migrants is as important as opposing abortion https://t.co/XHbOXLchua https://t.co/XXBefmOdcn,-0.026,0.199,0.154,0.647,63
262,CNN,Mon Apr 09 12:37:05 +0000 2018,Russia's Defense Ministry has claimed that Israel was behind a series of strikes on an airbase in central Syria on… https://t.co/IrPIXbxHUd,-0.25,0.068,0.114,0.818,64
263,CNN,Mon Apr 09 12:30:11 +0000 2018,"Donald Trump always strives to command center stage, but the US President is now embroiled in so many escalating gl… https://t.co/2yZT9mnSSF",0.0,0.0,0.0,1.0,65
264,CNN,Mon Apr 09 12:26:02 +0000 2018,"Deutsche Bank, Germany's biggest lender, is getting rid of its CEO after years of heavy losses.… https://t.co/O1UvpLNxyz",0.0,0.0,0.0,1.0,66
265,CNN,Mon Apr 09 12:19:04 +0000 2018,4 questions Congress must ask Facebook CEO Mark Zuckerberg https://t.co/5PaplSDYRt https://t.co/TPsfQPpUKu,0.0,0.0,0.0,1.0,67
266,CNN,Mon Apr 09 12:16:02 +0000 2018,"Two of the most wanted fighters from the British ISIS cell known as ""the Beatles"" have called some of the group's a… https://t.co/ErTHLwtmHe",-0.123,0.0,0.063,0.937,68
267,CNN,Mon Apr 09 12:12:37 +0000 2018,"Facebook CEO Mark Zuckerberg is on Capitol Hill today to meet with lawmakers, including members of committees holdi… https://t.co/TEjSDM8O0O",0.0,0.0,0.0,1.0,69
268,CNN,Mon Apr 09 12:12:02 +0000 2018,"New York Times top editor on journalism's ""biggest crisis"" https://t.co/YZqAM2JZ2X https://t.co/aGlBwRjZrc",-0.511,0.121,0.275,0.604,70
269,CNN,Mon Apr 09 12:04:23 +0000 2018,What cities and states are doing about guns since the Parkland shooting https://t.co/x2gNmQqcvg https://t.co/q70mtKVUqn,0.0,0.0,0.0,1.0,71
270,CNN,Mon Apr 09 12:03:04 +0000 2018,Designing for hedonists: The evolution of nightclub interiors https://t.co/PJKGBCwL2b via @CNNStyle https://t.co/osJPpj5Jlo,0.0,0.0,0.0,1.0,72
271,CNN,Mon Apr 09 11:59:06 +0000 2018,"A disaster was narrowly averted in eastern India on Saturday after a runaway train carrying up to 1,000 passengers… https://t.co/VGZeMMBqZ9",-0.66,0.0,0.252,0.748,73
272,CNN,Mon Apr 09 11:56:02 +0000 2018,"How President Trump might counter ""Animal Assad"" https://t.co/1UCL0ugNRt | via @CNNOpinion https://t.co/6Vxl00eqbc",0.0,0.0,0.0,1.0,74
273,CNN,Mon Apr 09 11:51:07 +0000 2018,16-year-old breaks Commonwealth Games record to win shooting gold for India https://t.co/ckEnqdDG2p https://t.co/Y7CYQy1zrp,0.586,0.241,0.0,0.759,75
274,CNN,Mon Apr 09 11:44:06 +0000 2018,Here's everything you need to know about the US-China trade battle https://t.co/qfAXCtoeph https://t.co/qc6MwmahAG,-0.382,0.0,0.178,0.822,76
275,CNN,Mon Apr 09 11:39:27 +0000 2018,"Oklahoma teachers will continue their walkout for a sixth day today, maintaining their pressure on state legislator… https://t.co/FdYFsxlo0U",-0.542,0.0,0.231,0.769,77
276,CNN,Mon Apr 09 11:38:04 +0000 2018,"Lightning strike kills 1, injures 4 in Florida https://t.co/iDZeD9keEh https://t.co/MnHKWwyfzB",-0.612,0.0,0.417,0.583,78
277,CNN,Mon Apr 09 11:31:05 +0000 2018,Atlanta is the world's busiest airport for another year. Here's the rest of the list: https://t.co/qy5qAnTwjG,0.0,0.0,0.0,1.0,79
278,CNN,Mon Apr 09 11:30:06 +0000 2018,"As images of Syrian children gasping and convulsing spread around the world, President Trump and other internationa… https://t.co/4UF8wtRLft",0.0,0.0,0.0,1.0,80
279,CNN,Mon Apr 09 11:26:30 +0000 2018,"RT @NewDay: ""They're really very ordinary,"" says @npwcnn of British ISIS terrorists called ""the Beatles.""

""Unextraordinary people to some…",-0.625,0.0,0.186,0.814,81
280,CNN,Mon Apr 09 11:26:19 +0000 2018,"Two of the most wanted fighters from the British ISIS cell called ""the Beatles"" have called some of the group's act… https://t.co/TJ5ez1pFVh",-0.123,0.0,0.066,0.934,82
281,CNN,Mon Apr 09 11:26:05 +0000 2018,US military resumes air operations in Djibouti https://t.co/tb7GCGzpIl https://t.co/dMKZRtdHaw,0.0,0.0,0.0,1.0,83
282,CNN,Mon Apr 09 11:20:03 +0000 2018,Ferrari mechanic suffers a broken leg after being hit by a car during a pit stop at the Bahrain Grand Prix https://t.co/Hz9pxAiJFO,-0.66,0.114,0.318,0.568,84
283,CNN,Mon Apr 09 11:16:03 +0000 2018,Life coach Tony Robbins apologized for his comments about the #MeToo movement after suggesting during a March event… https://t.co/iWTVDtKsqB,0.318,0.119,0.0,0.881,85
284,CNN,Mon Apr 09 11:12:06 +0000 2018,Advocacy groups claim YouTube illegally collects data from kids https://t.co/cekqlCi0z1 https://t.co/zjlS4plfp6,0.0,0.0,0.0,1.0,86
285,CNN,Mon Apr 09 11:10:34 +0000 2018,The FDA worried this drug was risky. Now doctors are concerned about the report of more than 700 deaths in the less… https://t.co/7v8OKBAdFh,-0.459,0.0,0.16,0.84,87
286,CNN,Mon Apr 09 11:06:04 +0000 2018,Cambridge Analytica whistleblower says data could've come from more than 87 million users and be stored in Russia… https://t.co/Ul43cBSA1l,0.0,0.0,0.0,1.0,88
287,CNN,Mon Apr 09 11:00:09 +0000 2018,"5 things for Monday:

- Syria
- Alaska 'bathroom bill'
- Hungary election
- Canada bus crash
- Tony Robbins and… https://t.co/4MGWimP6ee",-0.402,0.0,0.153,0.847,89
288,CNN,Mon Apr 09 10:58:02 +0000 2018,Army identifies two soldiers killed in Kentucky helicopter crash https://t.co/Dqje3GDcLG https://t.co/rXwFCMGiXH,-0.802,0.0,0.444,0.556,90
289,CNN,Mon Apr 09 10:52:06 +0000 2018,Syria attack response looms over John Bolton's first week as national security adviser https://t.co/iqhidMOnZO https://t.co/YKp7r5Vlt0,-0.318,0.126,0.246,0.628,91
290,CNN,Mon Apr 09 10:50:07 +0000 2018,"When Congress returns Monday from a two-week recess, all eyes will be on Facebook CEO Mark Zuckerberg as he takes t… https://t.co/rvKkEqwlqD",0.0,0.0,0.0,1.0,92
291,CNN,Mon Apr 09 10:46:04 +0000 2018,"A year after the US attacked Syria, what's changed? https://t.co/fD4i63D5cc https://t.co/T2skoyLYDv",-0.459,0.0,0.25,0.75,93
292,CNN,Mon Apr 09 10:45:04 +0000 2018,Should Democrats worry that a blue wave is being treated like a sure thing? | Analysis by @zbyronwolf … https://t.co/ic7X2vHlwu,0.226,0.232,0.14,0.628,94
293,CNN,Mon Apr 09 10:41:02 +0000 2018,"Muenster van attack driver acted alone, police say https://t.co/0ImvR5IoMW https://t.co/BweBbbfH2O",-0.625,0.0,0.389,0.611,95
294,CNN,Mon Apr 09 10:35:35 +0000 2018,Bill Cosby's retrial begins in Pennsylvania today -- the first time the comedian's case returns to court since the… https://t.co/mKOcWGBE5R,0.0,0.0,0.0,1.0,96
295,CNN,Mon Apr 09 10:35:05 +0000 2018,"Republican Sen. John McCain says President Trump ""emboldened"" Syrian leader Bashar al-Assad with comments on US wit… https://t.co/2Dm4Cpqyla",0.0,0.0,0.0,1.0,97
296,CNN,Mon Apr 09 10:31:07 +0000 2018,"New Trump adviser is ""not much of a carrot man"" https://t.co/5yAePVYewm | via @CNNopinion https://t.co/Cib9B7ZUTl",0.0,0.0,0.0,1.0,98
297,CNN,Mon Apr 09 10:26:01 +0000 2018,Several cities and states have taken matters into their own hands on gun regulation since the February 14 Parkland… https://t.co/f9mmASATVg,-0.318,0.051,0.112,0.837,99
298,CNN,Mon Apr 09 10:21:02 +0000 2018,New details about the birth of the third child of the Duke and Duchess of Cambridge have been revealed by Kensingto… https://t.co/A6r1pHeuqm,0.0,0.0,0.0,1.0,100
299,CNN,Mon Apr 09 10:15:07 +0000 2018,"Ad boycott continues, but Laura Ingraham is coming back https://t.co/A9aXH4c6Tb https://t.co/KBp3OW1IMd",-0.166,0.0,0.142,0.858,101
300,FoxNews,Mon Apr 09 18:31:57 +0000 2018,Georgia reignites longstanding feud over border with northern neighbors https://t.co/HNQBOEfStS,-0.34,0.0,0.211,0.789,2
301,FoxNews,Mon Apr 09 18:30:55 +0000 2018,.@FLGovScott on @dailybriefing: “We have to make sure we defend our own borders and defend the freedom of this coun… https://t.co/jB9CN4Uoqs,0.758,0.255,0.0,0.745,3
302,FoxNews,Mon Apr 09 18:25:11 +0000 2018,.@FLGovScott on @dailybriefing: “I believe that we can change Washington.” https://t.co/etdgQ3PUtP https://t.co/M5vF2Fem6G,0.0,0.0,0.0,1.0,4
303,FoxNews,Mon Apr 09 18:22:31 +0000 2018,"Ex-AG Lynch: Clinton tarmac talk was about 'innocuous things' - via @brookefoxnews 
https://t.co/Dv1DOgEbXi",0.0,0.0,0.0,1.0,5
304,FoxNews,Mon Apr 09 18:13:10 +0000 2018,".@POTUS calls Syria chemical attack 'atrocious,' says U.S. to make 'major decisions' in coming hours https://t.co/TihuiGkTVR",-0.477,0.0,0.171,0.829,6
305,FoxNews,Mon Apr 09 17:33:59 +0000 2018,Hiker Meets Reindeer Herd in Cairngorms National Park in Scotland https://t.co/hOowjIx64X,0.0,0.0,0.0,1.0,7
306,FoxNews,Mon Apr 09 17:29:29 +0000 2018,"Brandon Judd: 'When We Have the National Guard on the Border, the Cartels Take Notice' https://t.co/ekjweddTYh",0.0,0.0,0.0,1.0,8
307,FoxNews,Mon Apr 09 17:15:47 +0000 2018,Gov. @ScottWalker: Democrats' Rhetoric Ahead of Midterms Filled With 'Hatred and Anger' https://t.co/wf9kbtInq6,-0.836,0.0,0.418,0.582,9
308,FoxNews,Mon Apr 09 16:47:47 +0000 2018,Puppy in Texas Rescued After Getting Head Stuck in Car Wheel https://t.co/rJwe7uUEpy,0.202,0.189,0.135,0.676,10
309,FoxNews,Mon Apr 09 16:36:06 +0000 2018,.@POTUS orders National Guard to the southern border https://t.co/0RXkQA4C3x,0.0,0.0,0.0,1.0,11
310,FoxNews,Mon Apr 09 16:25:49 +0000 2018,"US Attorney John Lausch to oversee FISA warrant document release - via @brookefoxnews @JakeBGibson 
https://t.co/U6X5kS5ZCD",0.0,0.0,0.0,1.0,12
311,FoxNews,Mon Apr 09 16:25:41 +0000 2018,Solar storm could strike Earth this week: What you need to know https://t.co/ji311frJMA,-0.128,0.0,0.111,0.889,13
312,FoxNews,Mon Apr 09 16:22:56 +0000 2018,US Attorney John Lausch to oversee FISA warrant document release https://t.co/9WPO96H5iu,0.0,0.0,0.0,1.0,14
313,FoxNews,Mon Apr 09 16:21:48 +0000 2018,Secretary Mattis on Possible US Military Action Against Assad: 'I Don't Rule Out Anything' https://t.co/RiGBLS5PQn,0.0,0.0,0.0,1.0,15
314,FoxNews,Mon Apr 09 16:15:47 +0000 2018,"Mattis faults Russia on Syria, won't rule out US strike https://t.co/wOB9EKByH9",-0.557,0.0,0.338,0.662,16
315,FoxNews,Mon Apr 09 16:12:51 +0000 2018,.@POTUS: “We need a wall… It’ll stop a lot of people that we don’t want in this country from coming into our countr… https://t.co/55wEoECcWe,-0.226,0.055,0.094,0.851,17
316,FoxNews,Mon Apr 09 16:10:12 +0000 2018,.@POTUS: “We’re putting the National Guard and military at the border. We’re beefing up the border patrol.” https://t.co/JGa4JiYLZE,0.0,0.0,0.0,1.0,18
317,FoxNews,Mon Apr 09 16:06:20 +0000 2018,.@POTUS on trade: “China has been taking advantage of the United States for many years… They have really done a num… https://t.co/XbqM27U4AX,0.586,0.202,0.0,0.798,19
318,FoxNews,Mon Apr 09 16:03:05 +0000 2018,".@POTUS on the alleged Syria chemical attack: “It was an atrocious attack, it was horrible… We’ll be making some ma… https://t.co/NLaDnkB6fs",-0.735,0.0,0.246,0.754,20
319,FoxNews,Mon Apr 09 15:48:51 +0000 2018,.@Richardafowler on escalating trade tension between China and the U.S. https://t.co/cEPZmWKl72,-0.318,0.0,0.187,0.813,21
320,FoxNews,Mon Apr 09 18:31:57 +0000 2018,Georgia reignites longstanding feud over border with northern neighbors https://t.co/HNQBOEfStS,-0.34,0.0,0.211,0.789,22
321,FoxNews,Mon Apr 09 18:30:55 +0000 2018,.@FLGovScott on @dailybriefing: “We have to make sure we defend our own borders and defend the freedom of this coun… https://t.co/jB9CN4Uoqs,0.758,0.255,0.0,0.745,23
322,FoxNews,Mon Apr 09 18:25:11 +0000 2018,.@FLGovScott on @dailybriefing: “I believe that we can change Washington.” https://t.co/etdgQ3PUtP https://t.co/M5vF2Fem6G,0.0,0.0,0.0,1.0,24
323,FoxNews,Mon Apr 09 18:22:31 +0000 2018,"Ex-AG Lynch: Clinton tarmac talk was about 'innocuous things' - via @brookefoxnews 
https://t.co/Dv1DOgEbXi",0.0,0.0,0.0,1.0,25
324,FoxNews,Mon Apr 09 18:13:10 +0000 2018,".@POTUS calls Syria chemical attack 'atrocious,' says U.S. to make 'major decisions' in coming hours https://t.co/TihuiGkTVR",-0.477,0.0,0.171,0.829,26
325,FoxNews,Mon Apr 09 17:33:59 +0000 2018,Hiker Meets Reindeer Herd in Cairngorms National Park in Scotland https://t.co/hOowjIx64X,0.0,0.0,0.0,1.0,27
326,FoxNews,Mon Apr 09 17:29:29 +0000 2018,"Brandon Judd: 'When We Have the National Guard on the Border, the Cartels Take Notice' https://t.co/ekjweddTYh",0.0,0.0,0.0,1.0,28
327,FoxNews,Mon Apr 09 17:15:47 +0000 2018,Gov. @ScottWalker: Democrats' Rhetoric Ahead of Midterms Filled With 'Hatred and Anger' https://t.co/wf9kbtInq6,-0.836,0.0,0.418,0.582,29
328,FoxNews,Mon Apr 09 16:47:47 +0000 2018,Puppy in Texas Rescued After Getting Head Stuck in Car Wheel https://t.co/rJwe7uUEpy,0.202,0.189,0.135,0.676,30
329,FoxNews,Mon Apr 09 16:36:06 +0000 2018,.@POTUS orders National Guard to the southern border https://t.co/0RXkQA4C3x,0.0,0.0,0.0,1.0,31
330,FoxNews,Mon Apr 09 16:25:49 +0000 2018,"US Attorney John Lausch to oversee FISA warrant document release - via @brookefoxnews @JakeBGibson 
https://t.co/U6X5kS5ZCD",0.0,0.0,0.0,1.0,32
331,FoxNews,Mon Apr 09 16:25:41 +0000 2018,Solar storm could strike Earth this week: What you need to know https://t.co/ji311frJMA,-0.128,0.0,0.111,0.889,33
332,FoxNews,Mon Apr 09 16:22:56 +0000 2018,US Attorney John Lausch to oversee FISA warrant document release https://t.co/9WPO96H5iu,0.0,0.0,0.0,1.0,34
333,FoxNews,Mon Apr 09 16:21:48 +0000 2018,Secretary Mattis on Possible US Military Action Against Assad: 'I Don't Rule Out Anything' https://t.co/RiGBLS5PQn,0.0,0.0,0.0,1.0,35
334,FoxNews,Mon Apr 09 16:15:47 +0000 2018,"Mattis faults Russia on Syria, won't rule out US strike https://t.co/wOB9EKByH9",-0.557,0.0,0.338,0.662,36
335,FoxNews,Mon Apr 09 16:12:51 +0000 2018,.@POTUS: “We need a wall… It’ll stop a lot of people that we don’t want in this country from coming into our countr… https://t.co/55wEoECcWe,-0.226,0.055,0.094,0.851,37
336,FoxNews,Mon Apr 09 16:10:12 +0000 2018,.@POTUS: “We’re putting the National Guard and military at the border. We’re beefing up the border patrol.” https://t.co/JGa4JiYLZE,0.0,0.0,0.0,1.0,38
337,FoxNews,Mon Apr 09 16:06:20 +0000 2018,.@POTUS on trade: “China has been taking advantage of the United States for many years… They have really done a num… https://t.co/XbqM27U4AX,0.586,0.202,0.0,0.798,39
338,FoxNews,Mon Apr 09 16:03:05 +0000 2018,".@POTUS on the alleged Syria chemical attack: “It was an atrocious attack, it was horrible… We’ll be making some ma… https://t.co/NLaDnkB6fs",-0.735,0.0,0.246,0.754,40
339,FoxNews,Mon Apr 09 15:48:51 +0000 2018,.@Richardafowler on escalating trade tension between China and the U.S. https://t.co/cEPZmWKl72,-0.318,0.0,0.187,0.813,41
340,FoxNews,Mon Apr 09 15:41:12 +0000 2018,Alex Conant: “Everyone loses in a trade war.” https://t.co/pPKIsqKU3f,-0.318,0.0,0.247,0.753,42
341,FoxNews,Mon Apr 09 15:30:54 +0000 2018,RT @FoxBusiness: Dow at session highs: https://t.co/I7RKNQgnlb https://t.co/6GPmRL0K23,0.0,0.0,0.0,1.0,43
342,FoxNews,Mon Apr 09 15:20:42 +0000 2018,'Shirtless' daredevil draped in American flag climbs 200-foot crane in Hollywood https://t.co/LObFSY5JsF,0.128,0.12,0.0,0.88,44
343,FoxNews,Mon Apr 09 15:06:25 +0000 2018,"Breaking News: Body of Tennessee double-murder suspect believed to be found, sheriff says https://t.co/lEbAZCvlrf",-0.296,0.0,0.145,0.855,45
344,FoxNews,Mon Apr 09 14:43:27 +0000 2018,Toddler on American Airlines flight hit in head with oxygen canister that fell from ceiling during landing https://t.co/BO5ZoXFtDO,0.0,0.0,0.0,1.0,46
345,FoxNews,Mon Apr 09 14:36:36 +0000 2018,"Brandon Judd: “When we have the National Guard on the border, the cartels take notice.” https://t.co/zQ5dC38M6D",0.0,0.0,0.0,1.0,47
346,FoxNews,Mon Apr 09 14:34:51 +0000 2018,"“It’s going to be a huge boon."" – Brandon Judd on @USNationalGuard troops heading to the southern border https://t.co/HpdVpSk2WD",0.318,0.126,0.0,0.874,48
347,FoxNews,Mon Apr 09 14:29:26 +0000 2018,Texas Gov on Sending Nat'l Guard to Border: 'There's a Mathematical Need For This' https://t.co/zaGRhlMHdb,0.0,0.0,0.0,1.0,49
348,FoxNews,Mon Apr 09 14:26:01 +0000 2018,Horse trailer carrying at least 18 illegal immigrants crashes in Southern California https://t.co/vDBNYCcCfP,-0.557,0.0,0.231,0.769,50
349,FoxNews,Mon Apr 09 14:23:41 +0000 2018,"Mac Thornberry: ""We’ve got to do whatever it takes to have planes that fly and have training that is appropriate fo… https://t.co/PxyBSYRb7e",0.0,0.0,0.0,1.0,51
350,FoxNews,Mon Apr 09 14:20:34 +0000 2018,"Mac Thornberry: “What we do speaks much more clearly than what we say, and to show Putin and Assad and everybody el… https://t.co/pXOMQvtSfZ",0.458,0.12,0.0,0.88,52
351,FoxNews,Mon Apr 09 14:15:12 +0000 2018,"Mac Thornberry: “We cannot fix Syria...We have to work with our allies to try to keep a lid on things."" https://t.co/VaXqZgzSTW",0.0,0.0,0.0,1.0,53
352,FoxNews,Mon Apr 09 14:12:15 +0000 2018,Tony Robbins apologizes for #MeToo comments https://t.co/NDTXRdhvmr,0.361,0.294,0.0,0.706,54
353,FoxNews,Mon Apr 09 14:08:49 +0000 2018,"Mac Thornberry: ""Syria is a cauldron of security concerns for all sorts of countries.” https://t.co/UjnLduMUV4 https://t.co/b3lTjMkMql",0.34,0.146,0.0,0.854,55
354,FoxNews,Mon Apr 09 14:05:35 +0000 2018,"RT @FoxBusiness: .@SecretaryPerry: ""Now, because of American innovation, American technology, we are now in the driver's seat when it comes…",0.382,0.12,0.0,0.88,56
355,FoxNews,Mon Apr 09 14:05:23 +0000 2018,"RT @FoxBusiness: .@SecretaryPerry: ""Fracking, horizontal drilling completely changed the dynamic out there in the world from the standpoint…",0.434,0.144,0.0,0.856,57
356,FoxNews,Mon Apr 09 14:04:13 +0000 2018,"Meghan Markle, Prince Harry ask for donations to charities as wedding gifts https://t.co/UPI4eSKubw",0.494,0.211,0.0,0.789,58
357,FoxNews,Mon Apr 09 14:01:51 +0000 2018,Homeless residents brag about makeshift 'mansion' near Seattle's famed Space Needle https://t.co/O3WadCSrqE,0.0,0.0,0.0,1.0,59
358,FoxNews,Mon Apr 09 13:12:00 +0000 2018,"Facebook must shape up, or it will be 'broken up,' senator warns https://t.co/Q8Rozj7Hrr #fntech (via @christocarbone)",-0.542,0.0,0.243,0.757,60
359,FoxNews,Mon Apr 09 13:01:08 +0000 2018,Topless woman charges at Bill Cosby as he arrives for sex assault retrial https://t.co/7ekE4V4H7F,-0.71,0.0,0.33,0.67,61
360,FoxNews,Mon Apr 09 12:59:25 +0000 2018,".@SecretaryPerry: “You’ve got to have boots on the ground, you’ve got to have the technologies, that’s the reason t… https://t.co/nGnZTfWihb",0.0,0.0,0.0,1.0,62
361,FoxNews,Mon Apr 09 12:52:15 +0000 2018,73-year-old survives crash through brick wall and down 10-foot drop https://t.co/JH9HTBtN4u,-0.586,0.0,0.348,0.652,63
362,FoxNews,Mon Apr 09 12:30:27 +0000 2018,.@ScottWalker: “We protect our shores and our borders and I applaud the president for stepping up to take on illega… https://t.co/p97zi26qGq,0.681,0.237,0.0,0.763,64
363,FoxNews,Mon Apr 09 12:10:12 +0000 2018,Hackers hit Iran with US flag and 'Don't mess with our elections' warning https://t.co/Wp8Qc5G4Si,-0.075,0.128,0.145,0.727,65
364,FoxNews,Mon Apr 09 11:46:36 +0000 2018,.@GovAbbott on @foxandfriends: “Texas wants to ensure that we secure the border.” https://t.co/fwGehxeoqM,0.612,0.312,0.0,0.688,66
365,FoxNews,Mon Apr 09 11:45:07 +0000 2018,".@GovAbbott: ""The people of Texas are very appreciative that the president of the United States has recognized this… https://t.co/kMRze2Y37o",0.771,0.282,0.0,0.718,67
366,FoxNews,Mon Apr 09 11:32:36 +0000 2018,Ronald Vitello: “Consequences matter…We need to reduce the activity level at the border.” @foxandfriends https://t.co/IfOPglGQfx,0.0,0.0,0.0,1.0,68
367,FoxNews,Mon Apr 09 11:26:49 +0000 2018,Cooler than average temperatures continue for the Midwest and Northeast (via @JaniceDean) https://t.co/ci8Hm7Q6Of,0.0,0.0,0.0,1.0,69
368,FoxNews,Mon Apr 09 11:25:01 +0000 2018,"JUST IN: Florida GOP Gov. Rick Scott running for Senate, report says https://t.co/hQgoeiQpsb",0.0,0.0,0.0,1.0,70
369,FoxNews,Mon Apr 09 11:23:38 +0000 2018,Ronald Vitello on @USNationalGuard at the southern border: “They’re going to help us by adding capacity.”… https://t.co/oiOA1sIqWU,0.402,0.144,0.0,0.856,71
370,FoxNews,Mon Apr 09 11:05:02 +0000 2018,".@RalphNorman: “I believe that the only thing that stops a bad guy with a gun, is a good guy with a gun.” https://t.co/eboQAn54i6",-0.557,0.114,0.295,0.591,72
371,FoxNews,Mon Apr 09 10:58:23 +0000 2018,"OPINION: Want jobs? Nebraska reforms have more people working, fewer on welfare and food stamps (via… https://t.co/t9QPR8HRKx",0.077,0.075,0.0,0.925,73
372,FoxNews,Mon Apr 09 10:32:14 +0000 2018,.@LindseyGrahamSC on the suspected Syria chemical attack: “I think now [Assad] is a legitimate war criminal in the… https://t.co/nunsCfmgbG,-0.906,0.0,0.468,0.532,74
373,FoxNews,Mon Apr 09 10:28:47 +0000 2018,.@LindseyGrahamSC on the suspected Syria chemical attack: “We should make [Assad] pay a heavy price by destroying h… https://t.co/e9yFdSIgWJ,-0.84,0.0,0.417,0.583,75
374,FoxNews,Mon Apr 09 10:28:05 +0000 2018,Army identifies 2 killed in helicopter crash in Kentucky https://t.co/O2k3izcQvA https://t.co/wWVEuIaCpL,-0.802,0.0,0.474,0.526,76
375,FoxNews,Mon Apr 09 10:07:05 +0000 2018,Russia blames Israel for deadly airstrike on Assad base after alleged chemical attack https://t.co/ttl3yWlLZf,-0.7,0.0,0.326,0.674,77
376,FoxNews,Mon Apr 09 09:56:41 +0000 2018,.@RLHeinrichs on the Syria chemical attack: “You can’t allow chemical weapons to continue being used.”… https://t.co/CnW8ZaedJP,-0.625,0.091,0.287,0.622,78
377,FoxNews,Mon Apr 09 09:41:32 +0000 2018,Sen. Jeff Flake's son seeks new civil trial against Joe Arpaio https://t.co/rqc9nLB9Tm https://t.co/RhieDXVfYz,0.0,0.0,0.0,1.0,79
378,FoxNews,Mon Apr 09 09:35:10 +0000 2018,Texas Begins Deploying Troops to the Border https://t.co/9gYLu12hvH https://t.co/VsUSbZhUtE,0.0,0.0,0.0,1.0,80
379,FoxNews,Mon Apr 09 09:16:10 +0000 2018,South Carolina reps introduce bill to allow debate on secession over gun laws https://t.co/xa9m1r0ptu,-0.128,0.117,0.147,0.736,81
380,FoxNews,Mon Apr 09 09:01:54 +0000 2018,"Democratic strategist Chuck Rocha: ""Nobody in America wants anybody coming here who wants to do harm to America."" https://t.co/MYBFQmnRBu",-0.542,0.0,0.163,0.837,82
381,FoxNews,Mon Apr 09 09:00:00 +0000 2018,.@larry_kudlow tries to calm trade war fears but says #Trump 'not bluffing' about China tariffs https://t.co/dUUt2Xc9G6,-0.402,0.087,0.229,0.684,83
382,FoxNews,Mon Apr 09 08:55:00 +0000 2018,New high-speed Florida train kills 4th person since launching service https://t.co/bQAcrPIa3x,-0.542,0.0,0.259,0.741,84
383,FoxNews,Mon Apr 09 08:50:00 +0000 2018,Russia blames Israel for deadly airstrike on Assad base after alleged chemical attack https://t.co/ttl3yWDmQN,-0.7,0.0,0.326,0.674,85
384,FoxNews,Mon Apr 09 08:42:00 +0000 2018,".@RepMcCaul: ""I remember @JohnKerry saying, 'We took all their chemical weapons away.' Obviously not."" https://t.co/x7G1yQlN19",-0.44,0.0,0.172,0.828,86
385,FoxNews,Mon Apr 09 08:40:19 +0000 2018,".@NanHayworth: ""Extreme vetting, which has been applied to targeted nations that we know are the sources of terror… https://t.co/OV0e9TAMSN",0.0,0.0,0.0,1.0,87
386,FoxNews,Mon Apr 09 08:37:00 +0000 2018,Child advocates ask FTC to investigate YouTube https://t.co/vZEB4ezBGD,0.0,0.0,0.0,1.0,88
387,FoxNews,Mon Apr 09 08:32:40 +0000 2018,Texas begins deploying troops to southern border https://t.co/iKj4LWihu4,0.0,0.0,0.0,1.0,89
388,FoxNews,Mon Apr 09 08:32:00 +0000 2018,"On @foxandfriends, @cvpayne praised President @realDonaldTrump's economic policies and their positive results for A… https://t.co/Cos9MFoHLP",0.778,0.343,0.0,0.657,90
389,FoxNews,Mon Apr 09 08:30:09 +0000 2018,"Delta passenger suffered 'painful' cartilage damage after child on flight repeatedly kicked her, she claims https://t.co/bcvwOCIhxd",-0.751,0.0,0.314,0.686,91
390,FoxNews,Mon Apr 09 08:22:21 +0000 2018,"National security analyst Ryan Mauro on Syrian chemical attack: ""I see no other option besides military action.""… https://t.co/mbBmTmeoQH",-0.44,0.106,0.233,0.661,92
391,FoxNews,Mon Apr 09 08:21:00 +0000 2018,States sending troops to Mexico border. https://t.co/Zep3xNOoPF,0.0,0.0,0.0,1.0,93
392,FoxNews,Mon Apr 09 08:18:00 +0000 2018,".@TheRealJohnHCox: ""This criminal idea of the sanctuary state movement - the people are upset about this because it… https://t.co/EGULsWk376",-0.718,0.0,0.273,0.727,94
393,FoxNews,Mon Apr 09 08:16:41 +0000 2018,Hackers hit Iran with US flag and 'Don't mess with our elections' warning https://t.co/Wp8Qc5XGgS,-0.075,0.128,0.145,0.727,95
394,FoxNews,Mon Apr 09 08:09:05 +0000 2018,Army identifies 2 killed in helicopter crash in Kentucky https://t.co/O2k3izcQvA https://t.co/Zy0NMuT2el,-0.802,0.0,0.474,0.526,96
395,FoxNews,Mon Apr 09 08:06:02 +0000 2018,The lava lake at the summit of Hawaii’s Kilauea Volcano bubbled and spat on the morning of April 4. The USGS Hawaii… https://t.co/edPWaWO7Fp,0.0,0.0,0.0,1.0,97
396,FoxNews,Mon Apr 09 08:00:01 +0000 2018,".@SarahPalinUSA: ""This is unprecedented— all those elements of a perfect storm against the will of the people havin… https://t.co/50FsSD8zBl",0.572,0.179,0.0,0.821,98
397,FoxNews,Mon Apr 09 07:55:00 +0000 2018,"Arizona mom arrested after toddler ate THC-laced mac and cheese, cops say https://t.co/jQii3c6P4C https://t.co/K5C9IRUSRU",-0.477,0.0,0.193,0.807,99
398,FoxNews,Mon Apr 09 07:50:00 +0000 2018,"DOG OF ALL TRADES: Besides being a detection dog, Belle doubles as a fetch expert, showcasing advanced skill by sna… https://t.co/WEJxOK3WHA",0.25,0.1,0.0,0.9,100
399,FoxNews,Mon Apr 09 07:49:00 +0000 2018,".@larry_kudlow: ""Look, [@POTUS is] great negotiator. He has a whole history of that. But in this process, tariffs h… https://t.co/ddr3vFEmn4",0.625,0.186,0.0,0.814,101
400,nytimes,Mon Apr 09 18:30:11 +0000 2018,"RT @SopanDeb: At the end of 2017, Hank Azaria responded to criticism of Apu from @harikondabolu as ""upsetting."" So the show finally respond…",-0.44,0.0,0.116,0.884,2
401,nytimes,Mon Apr 09 18:20:03 +0000 2018,"In a study across 28 companies, 76% of critical feedback given to women included comments on her personality (e.g.,… https://t.co/TUalWjJUQ1",-0.318,0.0,0.113,0.887,3
402,nytimes,Mon Apr 09 18:06:33 +0000 2018,"Breaking News: The federal deficit is set to rise sharply, topping $1 trillion by 2020, in the first CBO estimate s… https://t.co/sinJOmbQea",-0.402,0.0,0.114,0.886,4
403,nytimes,Mon Apr 09 18:00:21 +0000 2018,"President Trump ""is always speaking to a proximate audience; unlike other presidents, the speaking, not the speech,… https://t.co/wImyJJ353V",0.0,0.0,0.0,1.0,5
404,nytimes,Mon Apr 09 17:50:03 +0000 2018,RT @MichaelPaulson: NYC playbills from the 18th and 19th centuries will be digitized and searchable at @MuseumofCityNY with boost from @NEH…,0.402,0.119,0.0,0.881,6
405,nytimes,Mon Apr 09 17:40:10 +0000 2018,President Trump said that he will meet with Kim Jong-un in May or early June https://t.co/c0x2DD3Qs2,0.0,0.0,0.0,1.0,7
406,nytimes,Mon Apr 09 17:30:09 +0000 2018,"“It was my mistake, and I’m sorry. I started Facebook, I run it, and I’m responsible for what happens here,” Mark Z… https://t.co/BnvctJCv1N",-0.103,0.096,0.154,0.75,8
407,nytimes,Mon Apr 09 17:20:09 +0000 2018,"Cynthia Nixon: ""We built the Erie Canal! We can’t fix the subway? Are you kidding me?"" https://t.co/urfn3iJWvz",0.262,0.114,0.0,0.886,9
408,nytimes,Mon Apr 09 17:10:06 +0000 2018,RT @AllMattNYT: The Facebook app used to harvest data for Cambridge Analytica had one function: to scrape profile data. There was no “in-ap…,-0.296,0.0,0.091,0.909,10
409,nytimes,Mon Apr 09 17:00:21 +0000 2018,Why you should get the new shingles vaccine https://t.co/xaK1AGl8up,0.0,0.0,0.0,1.0,11
410,nytimes,Mon Apr 09 16:50:07 +0000 2018,"Move over, Elsa. The most entertaining ice queen on Broadway is Regina George. https://t.co/ONSXYvF14Z",0.493,0.197,0.0,0.803,12
411,nytimes,Mon Apr 09 16:45:06 +0000 2018,RT @readercenter: Confused about the trade conflict between the U.S. and China? Tweet us your questions and we will answer some LIVE from t…,-0.557,0.0,0.173,0.827,13
412,nytimes,Mon Apr 09 16:40:06 +0000 2018,"""Perhaps for the first time in a very long time, maybe the first time ever, people are beginning to entertain the p… https://t.co/LwHMBJRCRt",0.318,0.099,0.0,0.901,14
413,nytimes,Mon Apr 09 16:30:05 +0000 2018,"RT @jasondhorowitz: In major document on holiness, Pope Francis, seeming to brushback conservative critics, says caring for migrants and th…",0.25,0.137,0.094,0.769,15
414,nytimes,Mon Apr 09 16:20:07 +0000 2018,How Mark Zuckerberg is cramming for his congressional hearings https://t.co/BZaWkSmwz8,0.0,0.0,0.0,1.0,16
415,nytimes,Mon Apr 09 16:10:05 +0000 2018,Uber found that people who use Jump Bikes travel about the same distance as people who use the company's app to rid… https://t.co/vo7p9mA6qo,0.0,0.0,0.0,1.0,17
416,nytimes,Mon Apr 09 16:06:45 +0000 2018,Breaking News: President Trump said he’ll decide in the next 24 to 48 hours whether to retaliate militarily for the… https://t.co/pm5f4zhHkT,0.0,0.0,0.0,1.0,18
417,nytimes,Mon Apr 09 16:00:07 +0000 2018,“Something that started decades ago and was applauded and inoffensive is now politically incorrect. What can you do… https://t.co/5ZevGIUUfN,0.361,0.122,0.0,0.878,19
418,nytimes,Mon Apr 09 15:50:05 +0000 2018,The signature may be going out of style https://t.co/iQpUA90mZG,0.0,0.0,0.0,1.0,20
419,nytimes,Mon Apr 09 15:40:08 +0000 2018,The leader of ISIS in northern Afghanistan has been killed by an American airstrike https://t.co/I4KySr1aMn,-0.67,0.0,0.243,0.757,21
420,nytimes,Mon Apr 09 18:30:11 +0000 2018,"RT @SopanDeb: At the end of 2017, Hank Azaria responded to criticism of Apu from @harikondabolu as ""upsetting."" So the show finally respond…",-0.44,0.0,0.116,0.884,22
421,nytimes,Mon Apr 09 18:20:03 +0000 2018,"In a study across 28 companies, 76% of critical feedback given to women included comments on her personality (e.g.,… https://t.co/TUalWjJUQ1",-0.318,0.0,0.113,0.887,23
422,nytimes,Mon Apr 09 18:06:33 +0000 2018,"Breaking News: The federal deficit is set to rise sharply, topping $1 trillion by 2020, in the first CBO estimate s… https://t.co/sinJOmbQea",-0.402,0.0,0.114,0.886,24
423,nytimes,Mon Apr 09 18:00:21 +0000 2018,"President Trump ""is always speaking to a proximate audience; unlike other presidents, the speaking, not the speech,… https://t.co/wImyJJ353V",0.0,0.0,0.0,1.0,25
424,nytimes,Mon Apr 09 17:50:03 +0000 2018,RT @MichaelPaulson: NYC playbills from the 18th and 19th centuries will be digitized and searchable at @MuseumofCityNY with boost from @NEH…,0.402,0.119,0.0,0.881,26
425,nytimes,Mon Apr 09 17:40:10 +0000 2018,President Trump said that he will meet with Kim Jong-un in May or early June https://t.co/c0x2DD3Qs2,0.0,0.0,0.0,1.0,27
426,nytimes,Mon Apr 09 17:30:09 +0000 2018,"“It was my mistake, and I’m sorry. I started Facebook, I run it, and I’m responsible for what happens here,” Mark Z… https://t.co/BnvctJCv1N",-0.103,0.096,0.154,0.75,28
427,nytimes,Mon Apr 09 17:20:09 +0000 2018,"Cynthia Nixon: ""We built the Erie Canal! We can’t fix the subway? Are you kidding me?"" https://t.co/urfn3iJWvz",0.262,0.114,0.0,0.886,29
428,nytimes,Mon Apr 09 17:10:06 +0000 2018,RT @AllMattNYT: The Facebook app used to harvest data for Cambridge Analytica had one function: to scrape profile data. There was no “in-ap…,-0.296,0.0,0.091,0.909,30
429,nytimes,Mon Apr 09 17:00:21 +0000 2018,Why you should get the new shingles vaccine https://t.co/xaK1AGl8up,0.0,0.0,0.0,1.0,31
430,nytimes,Mon Apr 09 16:50:07 +0000 2018,"Move over, Elsa. The most entertaining ice queen on Broadway is Regina George. https://t.co/ONSXYvF14Z",0.493,0.197,0.0,0.803,32
431,nytimes,Mon Apr 09 16:45:06 +0000 2018,RT @readercenter: Confused about the trade conflict between the U.S. and China? Tweet us your questions and we will answer some LIVE from t…,-0.557,0.0,0.173,0.827,33
432,nytimes,Mon Apr 09 16:40:06 +0000 2018,"""Perhaps for the first time in a very long time, maybe the first time ever, people are beginning to entertain the p… https://t.co/LwHMBJRCRt",0.318,0.099,0.0,0.901,34
433,nytimes,Mon Apr 09 16:30:05 +0000 2018,"RT @jasondhorowitz: In major document on holiness, Pope Francis, seeming to brushback conservative critics, says caring for migrants and th…",0.25,0.137,0.094,0.769,35
434,nytimes,Mon Apr 09 16:20:07 +0000 2018,How Mark Zuckerberg is cramming for his congressional hearings https://t.co/BZaWkSmwz8,0.0,0.0,0.0,1.0,36
435,nytimes,Mon Apr 09 16:10:05 +0000 2018,Uber found that people who use Jump Bikes travel about the same distance as people who use the company's app to rid… https://t.co/vo7p9mA6qo,0.0,0.0,0.0,1.0,37
436,nytimes,Mon Apr 09 16:06:45 +0000 2018,Breaking News: President Trump said he’ll decide in the next 24 to 48 hours whether to retaliate militarily for the… https://t.co/pm5f4zhHkT,0.0,0.0,0.0,1.0,38
437,nytimes,Mon Apr 09 16:00:07 +0000 2018,“Something that started decades ago and was applauded and inoffensive is now politically incorrect. What can you do… https://t.co/5ZevGIUUfN,0.361,0.122,0.0,0.878,39
438,nytimes,Mon Apr 09 15:50:05 +0000 2018,The signature may be going out of style https://t.co/iQpUA90mZG,0.0,0.0,0.0,1.0,40
439,nytimes,Mon Apr 09 15:40:08 +0000 2018,The leader of ISIS in northern Afghanistan has been killed by an American airstrike https://t.co/I4KySr1aMn,-0.67,0.0,0.243,0.757,41
440,nytimes,Mon Apr 09 15:30:09 +0000 2018,RT @TimHerrera: Giving feedback isn’t easy! But @stephmit is in SL this week talking about how to be better — and less biased — at giving i…,0.833,0.328,0.056,0.617,42
441,nytimes,Mon Apr 09 15:20:10 +0000 2018,Gov. Rick Scott made official what Floridians have suspected for months: He's running for the U.S. Senate https://t.co/2IrL7lFd1j,-0.226,0.0,0.101,0.899,43
442,nytimes,Mon Apr 09 15:10:05 +0000 2018,The federal government’s top ethics official sent a letter to the EPA questioning Scott Pruitt's actions and asking… https://t.co/gpwZQAbPF3,0.103,0.094,0.073,0.833,44
443,nytimes,Mon Apr 09 15:00:21 +0000 2018,"Combative, relentless and proudly impolitic, John Bolton has a kindred spirit of sorts in President Trump, a fellow… https://t.co/rDXkTyjA3G",0.67,0.317,0.0,0.683,45
444,nytimes,Mon Apr 09 14:50:03 +0000 2018,"“Get a job,” one Chief Wahoo fan yelled, along with an expletive, at protesters at the Cleveland Indians' home open… https://t.co/OGmApH1WRA",0.103,0.104,0.086,0.811,46
445,nytimes,Mon Apr 09 14:40:08 +0000 2018,"RT @VVFriedman: Why that rumor about Anna Wintour leaving Vogue was so powerful, and what it could mean -  https://t.co/hnJqwO6cR6",0.56,0.167,0.0,0.833,47
446,nytimes,Mon Apr 09 14:32:06 +0000 2018,Video: Syria and Russia accused Israel of conducting aistrikes on a Syrian air base on Monday https://t.co/MxTcHGx2TG,-0.296,0.0,0.128,0.872,48
447,nytimes,Mon Apr 09 14:25:04 +0000 2018,"RT @chashomans: I went to some of Trump's post-election rallies, and had some thoughts about them, and wrote down those thoughts: https://t…",0.0,0.0,0.0,1.0,49
448,nytimes,Mon Apr 09 14:14:06 +0000 2018,Consumer groups said YouTube failed to comply with a federal law that requires companies to obtain consent from par… https://t.co/VLXdNstvls,-0.34,0.086,0.149,0.766,50
449,nytimes,Mon Apr 09 14:00:05 +0000 2018,"Big power tensions in the Syria conflict, already running high after an apparent chemical weapons attack, ratcheted… https://t.co/JAhWKLryfR",-0.875,0.0,0.44,0.56,51
450,nytimes,Mon Apr 09 13:45:05 +0000 2018,"Tony Robbins, a life coach, apologized for saying women use #MeToo to gain ""significance"" https://t.co/ZEc5Hy3QpS",0.691,0.322,0.0,0.678,52
451,nytimes,Mon Apr 09 13:30:07 +0000 2018,"RT @PatrickKingsley: What would happen if a far-right leader cemented power in a western state? In Viktor Orban's Hungary, it's already hap…",0.0,0.0,0.0,1.0,53
452,nytimes,Mon Apr 09 13:20:05 +0000 2018,Video: Did these women see #MeToo coming? https://t.co/NXZ3mPD44F,0.0,0.0,0.0,1.0,54
453,nytimes,Mon Apr 09 13:11:10 +0000 2018,"Friends of the art collector who died in a fire at Trump Tower said he had been trying to move since the election,… https://t.co/AADoOZvj7r",-0.44,0.107,0.206,0.687,55
454,nytimes,Mon Apr 09 13:00:27 +0000 2018,Morning Briefing: Here's what you need to know to start your day https://t.co/z6zdDPxTPo https://t.co/fsmzE3skCk,0.0,0.0,0.0,1.0,56
455,nytimes,Mon Apr 09 12:44:06 +0000 2018,The post-campaign campaign of Donald Trump https://t.co/EFmeLFLJgX https://t.co/nwpMojrmlE,0.0,0.0,0.0,1.0,57
456,nytimes,Mon Apr 09 12:30:04 +0000 2018,"When women have their first child between age 25 and 35, their pay never recovers, relative to that of their husban… https://t.co/68e886x9kv",-0.103,0.0,0.062,0.938,58
457,nytimes,Mon Apr 09 12:14:03 +0000 2018,European leaders' biggest fear may be that President Trump's belligerent approach to trade will destroy the postwar… https://t.co/tjShh80JUo,-0.772,0.0,0.295,0.705,59
458,nytimes,Mon Apr 09 11:45:04 +0000 2018,"Caring for migrants and the poor is equally as holy a pursuit as opposing abortion, Pope Francis declared https://t.co/vpN7G3cWgs",0.026,0.143,0.139,0.717,60
459,nytimes,Mon Apr 09 11:30:06 +0000 2018,"RT @TheSteinLine: For the second straight season, one seriously sprained knee forced the Warriors to make the unkindest of roster cuts. My…",-0.612,0.071,0.257,0.672,61
460,nytimes,Mon Apr 09 11:14:03 +0000 2018,"After a suspected chemical attack in Syria, President Trump said Iran and Russia were responsible for backing ""Anim… https://t.co/PYq05VxVKa",-0.382,0.152,0.223,0.625,62
461,nytimes,Mon Apr 09 11:00:13 +0000 2018,"""At a certain point, you just have to do something,"" said a bookseller in Berlin who helped organize protests again… https://t.co/KRDuQhzKMH",0.052,0.1,0.09,0.81,63
462,nytimes,Mon Apr 09 10:44:06 +0000 2018,Their data was swept up for Cambridge Analytica. Some of the first known affected Facebook users to be publicly ide… https://t.co/c3xhGEDI7r,-0.153,0.0,0.074,0.926,64
463,nytimes,Mon Apr 09 10:31:06 +0000 2018,"RT @nytimesworld: “We don’t want migrants to come to Hungary,” said an army reservist who voted for Viktor Orban’s party. “They are unwilli…",0.459,0.16,0.0,0.84,65
464,nytimes,Mon Apr 09 10:17:02 +0000 2018,Six men suspected of plotting a possible attack on the Berlin half-marathon on Sunday were detained by the police https://t.co/kYJl4HlJs6,-0.772,0.0,0.325,0.675,66
465,nytimes,Mon Apr 09 10:07:07 +0000 2018,Morning Briefing: Here's what you need to know to start your day https://t.co/RNNICDJiOs https://t.co/fTtErIRrGA,0.0,0.0,0.0,1.0,67
466,nytimes,Mon Apr 09 10:00:19 +0000 2018,"As marijuana use has increased, ER doctors say they've been seeing a steady flow of patients with the telltale symp… https://t.co/7auDlDfWBv",0.273,0.1,0.0,0.9,68
467,nytimes,Mon Apr 09 09:44:01 +0000 2018,Syria and Russia blamed Israel for early morning airstrikes on a Syrian military base that a conflict monitoring gr… https://t.co/GtFjYhkZ8d,-0.66,0.0,0.252,0.748,69
468,nytimes,Mon Apr 09 09:29:01 +0000 2018,"The reported chemical attack in Syria seems to have squeezed President Trump between conflicting impulses, and rais… https://t.co/mRlcTrwBJA",-0.7,0.0,0.266,0.734,70
469,nytimes,Mon Apr 09 09:16:04 +0000 2018,"Viktor Orban, who has set about transforming Hungary from a vibrant democracy into a semi-autocratic state, appeare… https://t.co/Vx2IWPCgzc",0.527,0.185,0.0,0.815,71
470,nytimes,Mon Apr 09 08:59:04 +0000 2018,"Modern Love: ""I’m not sure it’s possible to justify my liaisons with married men, but what I learned from having th… https://t.co/PJh6QfzZ26",0.278,0.113,0.064,0.823,72
471,nytimes,Mon Apr 09 08:46:02 +0000 2018,North Korea has told the United States that Kim Jong-un is willing to discuss denuclearization of the Korean Penins… https://t.co/B5jGai0g4G,0.422,0.128,0.0,0.872,73
472,nytimes,Mon Apr 09 08:31:05 +0000 2018,Many people taking antidepressants are saying they cannot quit because of withdrawal symptoms they were never warne… https://t.co/CeaWbLe2qw,0.026,0.061,0.0,0.939,74
473,nytimes,Mon Apr 09 08:16:06 +0000 2018,Consumer groups said YouTube failed to comply with a federal law that requires companies to obtain consent from par… https://t.co/prqzE2SYC7,-0.34,0.086,0.149,0.766,75
474,nytimes,Mon Apr 09 07:59:03 +0000 2018,Jeff Sessions appointed a United States attorney to handle document production for an inquiry into the FBI's handli… https://t.co/wlGVcDXzjw,0.422,0.141,0.0,0.859,76
475,nytimes,Mon Apr 09 07:44:04 +0000 2018,"RT @nytimesworld: Jörg Braunsdorf will order books from some right-wing publishers at the request of customers at his Berlin bookstore, but…",0.0,0.0,0.0,1.0,77
476,nytimes,Mon Apr 09 07:30:15 +0000 2018,"Sri Reddy, an Indian actress, staged a topless #MeToo protest https://t.co/NUrkj4zdMZ",-0.25,0.0,0.182,0.818,78
477,nytimes,Mon Apr 09 07:21:00 +0000 2018,"As marijuana use has increased, ER doctors say they've been seeing a steady flow of patients with the telltale symp… https://t.co/cRx05Eb2fu",0.273,0.1,0.0,0.9,79
478,nytimes,Mon Apr 09 07:04:56 +0000 2018,A look at some of the major episodes of suspected chemical attacks in Syria https://t.co/n6YplhtWrB,-0.586,0.0,0.286,0.714,80
479,nytimes,Mon Apr 09 06:48:38 +0000 2018,Here's how to start a fitness routine – and stick to it https://t.co/WvY6hDtVYB,0.273,0.174,0.0,0.826,81
480,nytimes,Mon Apr 09 06:32:05 +0000 2018,RT @gabrieldance: we’ve talked with cambridge analytica. we’ve talked w chris wylie. we’ve talked with kogan about his infamous app. we’ve…,0.0,0.0,0.0,1.0,82
481,nytimes,Mon Apr 09 06:09:41 +0000 2018,"Is the doctor in? In this new medical age of urgent care centers and retail clinics, that’s not a simple question. https://t.co/AyGCxjbUTp",0.612,0.208,0.0,0.792,83
482,nytimes,Mon Apr 09 05:51:57 +0000 2018,15 Lives Devoted to Hockey: A Look at Who Died in a Crash in Canada https://t.co/FHzwWleWQ6,-0.557,0.135,0.315,0.55,84
483,nytimes,Mon Apr 09 05:41:01 +0000 2018,"Justice Dept., Pressured by Trump, Seeks to Speed Response to Congressional Inquiry https://t.co/khY6xcbzcN",0.361,0.209,0.117,0.675,85
484,nytimes,Mon Apr 09 05:38:46 +0000 2018,"Have a craving for craving for deep, dark pools of warm chocolate, sweet pecans and fragrant coconut? https://t.co/6J9sNLn1pS",0.599,0.246,0.0,0.754,86
485,nytimes,Mon Apr 09 05:22:17 +0000 2018,Here's how to start a fitness routine – and stick to it https://t.co/4w3uf4LhhZ,0.273,0.174,0.0,0.826,87
486,nytimes,Mon Apr 09 05:04:14 +0000 2018,"Michigan will stop providing free bottled water to the city of Flint. City officials criticized the move, noting th… https://t.co/FKlz64hQeR",-0.103,0.132,0.188,0.68,88
487,nytimes,Mon Apr 09 04:46:38 +0000 2018,Many people taking antidepressants are saying they cannot quit because of withdrawal symptoms they were never warne… https://t.co/2qZnmp8U21,0.026,0.061,0.0,0.939,89
488,nytimes,Mon Apr 09 04:29:11 +0000 2018,"Once you immerse yourself in the tasty, convenient world of sheet-pan suppers, you won’t want to stop https://t.co/Zfz56ScoJu",-0.226,0.067,0.113,0.821,90
489,nytimes,Mon Apr 09 04:12:01 +0000 2018,Their data was swept up for Cambridge Analytica. Some of the first known affected Facebook users to be publicly ide… https://t.co/TPOpwz0ypP,-0.153,0.0,0.074,0.926,91
490,nytimes,Mon Apr 09 03:52:37 +0000 2018,"For Luigi Di Maio, It’s Now or Never to Lead Italy. Unless It’s Later. https://t.co/z7ZQwMG4sB",0.0,0.0,0.0,1.0,92
491,nytimes,Mon Apr 09 03:48:06 +0000 2018,"NYT journalists scoured old Islamic State offices in Iraq, gathering over 15,000 pages of internal records abandone… https://t.co/ITQZbJsbmK",0.0,0.0,0.0,1.0,93
492,nytimes,Mon Apr 09 03:30:11 +0000 2018,RT @AllMattNYT: SCOOP: “You are the product” — @NYTimes found Facebook users whose data was harvested by Cambridge Analytica. They are the…,0.325,0.104,0.0,0.896,94
493,nytimes,Mon Apr 09 03:22:03 +0000 2018,Friends of Todd Brassner remember the man who died in a fire at Trump Tower on Saturday https://t.co/69sA8IQbf8,-0.44,0.134,0.26,0.606,95
494,nytimes,Mon Apr 09 03:09:28 +0000 2018,Pyongyang Welcomes Hundreds of Foreigners for Yearly Marathon https://t.co/HA0Qam6afq,0.402,0.252,0.0,0.748,96
495,nytimes,Mon Apr 09 03:02:57 +0000 2018,"Is the doctor in? In this new medical age of urgent care centers and retail clinics, that’s not a simple question. https://t.co/zas6Z1fKBR",0.612,0.208,0.0,0.792,97
496,nytimes,Mon Apr 09 02:45:12 +0000 2018,The tiny elevator in a Brooklyn housing project will forever be tainted by the murder of a 6-year-old inside nearly… https://t.co/EyJA7ZTETJ,-0.691,0.0,0.207,0.793,98
497,nytimes,Mon Apr 09 02:26:53 +0000 2018,"South Carolina's former first lady, Jenny Sanford, wasn’t looking to remarry after her high-profile divorce, until… https://t.co/VoB54wj2x8",0.0,0.0,0.0,1.0,99
498,nytimes,Mon Apr 09 02:07:29 +0000 2018,"Modern Love: ""I’m not sure it’s possible to justify my liaisons with married men, but what I learned from having th… https://t.co/m9V38iZ3hx",0.278,0.113,0.064,0.823,100
499,nytimes,Mon Apr 09 01:51:57 +0000 2018,Review: ‘Mean Girls’ Sets the Perils of Being Popular to Song https://t.co/ocyCL7g1JL,0.422,0.203,0.0,0.797,101
